[
	{
		"name": "Spectator",
		"outerColor": [255,255,255]
	},
	{
		"name": "Myconoids",
		"leaderName": "Humongous Fungus",
		"adjective": ["Myconoid"],
		"preferredVictoryType": "Domination",
		
		"startIntroPart1": "",
		"startIntroPart2": "",
		"declaringWar": "Prepare for war!",
		"attacked": "We will bring you into the ground!",
		"defeated": "I weep for the future generations.",
		"introduction": "The mushrooms welcome you.",
		"neutralHello": "What now?",
		"hateHello": "So, out with it!",
		"tradeRequest": "It would be in your best interest, to carefully consider this proposal.",
		"outerColor": [81,0,9],
		"innerColor": [255,120,0],
		"uniqueName": "Composting",
		"uniques": [
			"Starts with [Life] adopted",
			"[Gold] cost of purchasing items in cities [-25]%",
			"[-33]% maintenance costs <for [All] units>"
		],
		"cities": [
			"Shroomy 01","Shroomy 02","Shroomy 03","Shroomy 04","Shroomy 05","Shroomy 06","Shroomy 07",
			"Shroomy 08","Shroomy 09","Shroomy 10","Shroomy 11","Shroomy 12","Shroomy 13","Shroomy 14","Shroomy 15",
			"Shroomy 16","Shroomy 17","Shroomy 18","Shroomy 19","Shroomy 20"
		]
	},
	{
		"name": "Treefolk",
		"leaderName": "Leaf Erikson",
		"adjective": ["Tree"],
		"startBias": ["Forest"],
		"preferredVictoryType": "Domination",
		
		"startIntroPart1": "",
		"startIntroPart2": "",
		"declaringWar": "You're disturbing us, prepare for war.",
		"attacked": "I'll bury you.",
		"defeated": "I congratulate you for your victory.",
		"introduction": "Welcome. We are the Treefolk.",
		"neutralHello": "Hello.",
		"hateHello": "It's you.",
		"tradeRequest": "I offer you this exceptional proposition.",
		"outerColor": [43, 88, 46],
		"innerColor": [146, 221, 10],
		"uniqueName": "Ecosystem",
		"uniques": [
			"Starts with [Life] adopted",
			"All units move through Forest and Jungle Tiles in friendly territory as if they have roads. These tiles can be used to establish City Connections upon researching the Wheel.",
			"[+1 Production] from every [Forest]",
			"[+1 Food] from every [Jungle]"
		],
		"cities": [
			"Leafy 01","Leafy 02","Leafy 03","Leafy 04","Leafy 05","Leafy 06","Leafy 07","Leafy 08","Leafy 09","Leafy 10","Leafy 11",
			"Leafy 12","Leafy 13","Leafy 14","Leafy 15","Leafy 16","Leafy 17","Leafy 18","Leafy 19","Leafy 20"
		]
	},
	{
		"name": "Seaweeds",
		"leaderName": "Undine",
		"adjective": ["Seaweed"],
		"startBias": ["Coast"],
		"preferredVictoryType": "Domination",

        "startIntroPart1": "",
        "startIntroPart2": "",

        "declaringWar": "If I am to be honest, I tire of those pointless charades.",
		"attacked": "Ahahah! Too bad that I'll probably kill you!",
		"defeated": "A common man alone could not have defeated me...",
		"introduction": "Hah, are you afraid?",
		"neutralHello": "Hail to you.",
		"hateHello": "Oh, it's you.",
		"tradeRequest": "This is a fine deal! Even a drunk beggar would agree!",

        "outerColor": [12,75,25],
        "innerColor": [157,172,255],

		"uniqueName": "Aquaculture",
		"uniques": [
			"Starts with [Life] adopted",
			"Defense bonus when embarked <for [All] units>",
			"[+2] Movement <in [Water] tiles>",
			"[+1] Sight <for [Embarked] units>",
			"[1] Movement point cost to disembark <for [All] units>"
		],
		"cities": [
			"Water 01","Water 02","Water 03","Water 04","Water 05","Water 06","Water 07","Water 08","Water 09","Water 10",
			"Water 11","Water 12","Water 13","Water 14","Water 15","Water 16","Water 17","Water 18","Water 19","Water 20"
		]
    },
	{
		"name": "Florists",
		"leaderName": "Violet",
		"adjective": ["Florist"],
		"startBias": ["Jungle"],
		"preferredVictoryType": "Domination",

        "startIntroPart1": "",
        "startIntroPart2": "",

        "declaringWar": "The world will be more beautiful without you. Prepare for war.",
		"attacked": "Fool! You will soon regret dearly! I swear it!",
		"defeated": "You have won, congratulations. My palace is now in your possession, and I beg that you care well for the peacock.",
		"introduction": "Welcome foreigner. Come and tell me about your empire.",
		"neutralHello": "Peace be upon you.",
		"hateHello": "Oh, it's you.",
		"tradeRequest": "Come forth, let's do business.",
		"outerColor": [38, 98, 255],
        "innerColor": [239, 236, 148],
		"uniqueName": "Blossoming Beauty",
		"uniques": [
			"Starts with [Life] adopted",
			"[+1 Culture] [in all cities] <before discovering [Flowers]>",
			"[+1 Culture] [in all cities]"
		],
		"cities": [
			"Bloom 01","Bloom 02","Bloom 03","Bloom 04","Bloom 05","Bloom 06","Bloom 07","Bloom 08","Bloom 09","Bloom 10",
			"Bloom 11","Bloom 12","Bloom 13","Bloom 14","Bloom 15","Bloom 16","Bloom 17","Bloom 18","Bloom 19","Bloom 20"
		]
    },
	{
		"name": "Vampires",
		"leaderName": "Varney",
		"adjective": ["Vampire"],
		"startBias": ["Avoid [Desert]"],
		"preferredVictoryType": "Domination",

		"startIntroPart1": "",
		"startIntroPart2": "",

		"declaringWar": "The demon wants the blood of soldiers!",
		"attacked": "Oh well, I presume you know what you're doing.",
		"defeated": "It is over. Perhaps now I shall have peace, at last.",
		"introduction": "Are you real or a phantom?",

		"neutralHello": "Greetings.",
		"hateHello": "What do YOU want?!",

		"tradeRequest": "It appears that you do have a reason for existing - to make this deal with me.",

		"outerColor": [84,26,26],
		"innerColor": [255,168,168],
		"uniqueName": "The Blood Is the Life",
		"uniques": [
			"Starts with [Death] adopted",
			"Heals [25] damage if it kills a unit",
			"Earn [100]% of killed [Military] unit's [Strength] as [Culture]",
			"[-5] HP when healing <for [All] units> <in [Open terrain] tiles>"
		],
		"cities": [
			"Sucker 01","Sucker 02","Sucker 03","Sucker 04","Sucker 05","Sucker 06","Sucker 07","Sucker 08","Sucker 09","Sucker 10",
			"Sucker 11","Sucker 12","Sucker 13","Sucker 14","Sucker 15","Sucker 16","Sucker 17","Sucker 18","Sucker 19","Sucker 20"
		]
	},
	{
		"name": "Zombies",
		"leaderName": "Rob",
		"adjective": ["Zombie"],
		"preferredVictoryType": "Domination",
	
		"startIntroPart1": "",
		"startIntroPart2": "",
		"declaringWar": "BRAINS!",
		"attacked": "Grrr!",
		"defeated": "Urk!",
		"introduction": "Brains...",
		
		"neutralHello": "Brains?",
		"neutralLetsHearIt": "Talk?",
		"neutralNo": "Bad...",
		"neutralYes": "Good...",

		"hateHello": "Grrr...",
		"hateLetsHearIt": "Talk...",
		"hateNo": "Hate!",
		"hateYes": "Okay...",
		
		"afterPeace": "Mmmm....good brains.",
		"tradeRequest": "T-...tr-...trade?",

		"outerColor": [179, 178, 184],
		"innerColor": [27, 33, 23],
		"uniqueName": "The Mindless Horde",
		"uniques": [
			"Starts with [Death] adopted",
			"[-25]% maintenance costs <for [All] units>",
			"[+1] Unit Supply per [1] population [in all cities]",
			"[+15]% Production when constructing [Military] units [in all cities]"
		],
		"cities": [
			"Zombie 01","Zombie 02","Zombie 03","Zombie 04","Zombie 05","Zombie 06","Zombie 07","Zombie 08","Zombie 09","Zombie 10",
			"Zombie 11","Zombie 12","Zombie 13","Zombie 14","Zombie 15","Zombie 16","Zombie 17","Zombie 18","Zombie 19","Zombie 20"
		]
	},
	{
		"name": "Specters",
		"leaderName": "Stavro",
		"adjective": ["Spectral"],
		"preferredVictoryType": "Domination",
		"startIntroPart1": "",
		"startIntroPart2": "",
		"declaringWar": "By the grace of God, your days are numbered.",
		"attacked": "We shall never surrender.",
		"defeated": "You have triumphed over us. The day is yours.",
		"introduction": "We are pleased to meet you.",
		"neutralHello": "Hello, again.",
		"hateHello": "Oh, it's you!",
		"tradeRequest": "Would you be interested in a trade agreement with the Specters?",
		"outerColor": [7,33,43],
		"innerColor": [213,249,255],
		"uniqueName": "Ethereal Forms",
		"uniques": [
			"Starts with [Death] adopted",
			"Land units may cross [Mountain] tiles after the first [Great General] is earned",
			"Units ignore terrain costs when moving into any tile with Hills"
		],
		"cities": [
			"Spooky 01","Spooky 02","Spooky 03","Spooky 04","Spooky 05","Spooky 06","Spooky 07","Spooky 08","Spooky 09","Spooky 10",
			"Spooky 11","Spooky 12","Spooky 13","Spooky 14","Spooky 15","Spooky 16","Spooky 17","Spooky 18","Spooky 19","Spooky 20"
		]
	},
	{
		"name": "Werefolk",
		"leaderName": "Wilfred",
		"adjective": ["Were"],
		"preferredVictoryType": "Domination",

        "startIntroPart1": "",
        "startIntroPart2": "",

        "declaringWar": "I hereby inform you of our intention to wipe out your civilization from this world.",
		"attacked": "Pitiful fool! Now we shall destroy you!",
		"defeated": "You were much wiser than I thought.",
		"introduction": "We hope for a fair and just relationship with you, who are renowned for military bravery.",
		"neutralHello": "Hello.",
		"hateHello": "Oh, it's you...",
		"tradeRequest": "I would be grateful if you agreed on the following proposal.",
		"outerColor": [8,11,79],
        "innerColor": [255, 255, 255],
		"uniqueName": "Shapeshifters",
		"uniques": [
			"Starts with [Death] adopted",
			"[-33]% Gold cost of upgrading <for [Military] units>",
			"[+25]% XP gained from combat <for [Military] units>"
		],
		"cities": [
			"Moony 01","Moony 02","Moony 03","Moony 04","Moony 05","Moony 06","Moony 07","Moony 08","Moony 09","Moony 10",
			"Moony 11","Moony 12","Moony 13","Moony 14","Moony 15","Moony 16","Moony 17","Moony 18","Moony 19","Moony 20"
		]
	},


	{
		"name": "Barbarians",
		"outerColor": [0, 0, 0],
		"innerColor": [185, 12, 12],
		"uniques": [
			"Can only heal by pillaging"
		]
	}
]

