[	
	// no luxury resources

	{
		"name": "Fossil Fuel",
		"resourceType": "Bonus",
		"terrainsCanBeFoundOn": ["Coast"],
		"production": 1,
		"improvedBy": ["Fuel pump"],
		"improvementStats": {"production": 1},
		"uniques": [
			"Generated on every [10] tiles <in [Featureless] [Coast] tiles>"
		]
	},
	{
		"name": "Iron",
		"resourceType": "Bonus",
		"terrainsCanBeFoundOn": ["Grassland","Plains","Desert","Tundra","Snow","Hill"],
		"production": 1,
		"improvement": "Mine",
		"improvementStats": {"production": 1},
		"uniques": [
			"Generated on every [25] tiles <in [Featureless] [Grassland] tiles>",
			"Generated on every [25] tiles <in [Featureless] [Plains] tiles>",
			"Generated on every [15] tiles <in [Featureless] [Tundra] tiles>",
			"Generated on every [19] tiles <in [Featureless] [Desert] tiles>",
			"Generated on every [15] tiles <in [Featureless] [Snow] tiles>",
			"Generated on every [15] tiles <in [Hill] tiles> <in tiles without [Forest]> <in tiles without [Jungle]>"
		]
	},
	{
		"name": "Coal",
		"resourceType": "Bonus",
		"terrainsCanBeFoundOn": ["Grassland","Plains","Hill","Jungle","Forest"],
		"production": 1,
		"improvement": "Mine",
		"improvementStats": {"production": 1},
		"uniques": [
			"Generated on every [25] tiles <in [Featureless] [Grassland] tiles>",
			"Generated on every [24] tiles <in [Featureless] [Plains] tiles>",
			"Generated on every [20] tiles <in [Hill] tiles> <in tiles without [Forest]> <in tiles without [Jungle]>",
			"Generated on every [25] tiles <in [Plains] [Forest] tiles> <in tiles without [Hill]>",
			"Generated on every [25] tiles <in [Grassland] [Forest] tiles> <in tiles without [Hill]>",
			"Generated on every [28] tiles <in [Forest] tiles> <in [Hill] Regions>",
			"Generated on every [25] tiles <in [Plains] [Jungle] tiles> <in tiles without [Hill]>",
			"Generated on every [25] tiles <in [Grassland] [Jungle] tiles> <in tiles without [Hill]>",
			"Generated on every [28] tiles <in [Jungle] tiles> <in [Hill] Regions>"
		]
	},
	{
		"name": "Aluminum",
		"resourceType": "Bonus",
		"terrainsCanBeFoundOn": ["Desert","Tundra","Hill","Snow","Jungle"],
		"production": 1,
		"improvement": "Mine",
		"improvementStats": {"production": 1},
		"uniques": [
			"Generated on every [20] tiles <in [Featureless] [Desert] tiles>",
			"Generated on every [19] tiles <in [Featureless] [Tundra] tiles>",
			"Generated on every [19] tiles <in [Featureless] [Snow] tiles>",
			"Generated on every [26] tiles <in [Hill] tiles> <in tiles without [Forest]> <in tiles without [Jungle]>",
			"Generated on every [28] tiles <in [Jungle] tiles> <in [Hill] Regions>"
		]
	},
	{
		"name": "Uranium",
		"resourceType": "Bonus",
		"terrainsCanBeFoundOn": ["Jungle","Forest","Tundra","Snow"],
		"production": 1,
		"improvement": "Mine",
		"improvementStats": {"production": 1},
		"uniques": [
			"Generated on every [15] tiles <in [Featureless] [Tundra] tiles>",
			"Generated on every [15] tiles <in [Featureless] [Snow] tiles>",
			"Generated on every [25] tiles <in [Plains] [Forest] tiles> <in tiles without [Hill]>",
			"Generated on every [25] tiles <in [Grassland] [Forest] tiles> <in tiles without [Hill]>",
			"Generated on every [25] tiles <in [Tundra] [Forest] tiles> <in tiles without [Hill]>",
			"Generated on every [25] tiles <in [Plains] [Jungle] tiles> <in tiles without [Hill]>",
			"Generated on every [25] tiles <in [Grassland] [Jungle] tiles> <in tiles without [Hill]>"
		]
	},
	
	{
		"name": "Kelp",
		"resourceType": "Bonus",
		"terrainsCanBeFoundOn": [ "Coast" ],
		"food": 1,
		"improvement": "Fishing Boats",
		"improvementStats": { "food": 1 },
		"uniques": [
			"Generated on every [10] tiles <in [Featureless] [Coast] tiles>"
		]
	},
	{
		"name": "Citrus",
		"resourceType": "Bonus",
		"terrainsCanBeFoundOn": ["Plains","Grassland"],
		"food": 1,
		"improvement": "Plantation",
		"improvementStats": { "food": 1 },
		"uniques": [
			"Generated on every [25] tiles <in [Plains] tiles>",
			"Generated on every [30] tiles <in [Plains] tiles> <in [Hill] Regions>",
			"Generated on every [25] tiles <in [Grassland] tiles>",
			"Generated on every [30] tiles <in [Grassland] tiles> <in [Hill] Regions>"
		]
	},
	{
		"name": "Bananas",
		"resourceType": "Bonus",
		"terrainsCanBeFoundOn": ["Plains","Grassland"],
		"food": 1,
		"improvement": "Plantation",
		"improvementStats": { "food": 1 },
		"uniques": [
			"Generated on every [25] tiles <in [Plains] tiles>",
			"Generated on every [30] tiles <in [Plains] tiles> <in [Hill] Regions>",
			"Generated on every [25] tiles <in [Grassland] tiles>",
			"Generated on every [30] tiles <in [Grassland] tiles> <in [Hill] Regions>"
		]
	},
	{
		"name": "Grapes",
		"resourceType": "Bonus",
		"terrainsCanBeFoundOn": ["Grassland","Plains"],
		"food": 1,
		"improvement": "Plantation",
		"improvementStats": { "food": 1 },
		"uniques": [
			"Generated on every [25] tiles <in [Grassland] tiles>",
			"Generated on every [30] tiles <in [Plains] tiles>"
		]
	},
	{
		"name": "Herbs",
		"resourceType": "Bonus",
		"terrainsCanBeFoundOn": ["Plains","Desert"],
		"food": 1,
		"improvement": "Plantation",
		"improvementStats": { "food": 1},
		"uniques": [
			"Generated on every [14] tiles <in [Desert] tiles>",
			"Generated on every [16] tiles <in [Plains] tiles>"
		]
	},

	{
		"name": "Kills",
		"resourceType": "Strategic",
		"uniques": [
			"Stockpiled",
			"Doesn't generate naturally",
			"Excluded from map editor"
		]
	}
]
