[
	// Pantheons
	{
		"name": "Ancestor Worship",
		"type": "Pantheon",
		"uniques": [
			"[+1 Faith] from every [Monument]",
			"[+1 Culture] from every [Shrine]"
		]
	},
	{
		"name": "God of Winter",
		"type": "Pantheon",
		"uniques": [
			"[+1 Faith] from [Tundra] tiles without [Jungle] [in this city]",
			"[+1 Faith] from [Permafrost] tiles without [Jungle] [in this city]",
			"[+1 Happiness] from every [Artificial glacier]"
		]
	},
	{
		"name": "Pray for Water",
		"type": "Pantheon",
		"uniques": [
			"[+1 Faith] from every [Desert]",
			"[+1 Happiness] from every [Oasis]"
		]
	},
	{
		"name": "Faith Healers",
		"type": "Pantheon",
		"uniques": [
			// This should be worded better
			"[All] Units adjacent to this city heal [+30] HP per turn when healing",
			"[+1 Faith] from every [Hospital]"
		]
	},
	{
		"name": "Fertility Rites",
		"type": "Pantheon",
		"uniques": [
			// Preferably I would not have a cityFilter here
			// but doing so requires no additional implementation
			"[+10]% growth [in this city]"
		]
	},
	{
		"name": "God of Labor",
		"type": "Pantheon",
		"uniques": [
			"[+2 Production] [in cities following this religion] <in cities with at least [3] [Population]>",
			"[+1 Faith, +1 Production] from every [Factory]"
		]
	},
	{
		"name": "God of Beasts",
		"type": "Pantheon",
		"uniques": [
			"[+1 Culture] from every [Pasture]",
			"[+1 Culture] from every [Bioculture]"
		]
	},
	{
		"name": "God of the Sea",
		"type": "Pantheon",
		"uniques": [
			"[+1 Production, +1 Faith] from every [Water resource]"
		]
	},
	{
		"name": "Sacrificial Fire",
		"type": "Pantheon",
		"uniques": [
			"Earn [50]% of [Military] unit's [Strength] as [Faith] when killed within 4 tiles of a city following this religion"
		]
	},
	{
		"name": "Lord of the Flies",
		"type": "Pantheon",
		"uniques": [
			"[+1 Culture, +1 Faith] from every [Insects]",
			"[+1 Culture, +1 Faith] from every [Hostile Fauna]"
		]
	},
	{
		"name": "God of Love",
		"type": "Pantheon",
		"uniques": [
			"[+1 Happiness, +1 Faith] [in cities following this religion] <in cities with at least [4] [Population]>",
			"[+1 Happiness, +1 Faith] [in cities following this religion] <in cities with at least [8] [Population]>"
		]
	},
	{
		"name": "God of Walls",
		"type": "Pantheon",
		"uniques": [
			"[+1 Culture, +1 Faith] from every [Walls]",
			"[+30]% Strength for cities <when attacking>"
		]
	},
	{
		"name": "Lord of the Hunt",
		"type": "Pantheon",
		"uniques": [
			"[+1 Food] from every [Camp]",
			"[+1 Food] from every [Bioculture]"
		]
	},
	{
		"name": "God of Commerce",
		"type": "Pantheon",
		"uniques": ["[+2 Science, +1 Faith] from each Trade Route"]
	},
	{
		"name": "Ancient Wonders",
		"type": "Pantheon",
		"uniques": [
			"[+5 Faith] from every [Natural Wonder]"
		]
	},
	{
		"name": "Blessed Green",
		"type": "Pantheon",
		"uniques": [
			"[+1 Culture] from every [Tree plantation]",
			"[+1 Culture] from every [Farm]",
			"[+1 Culture] from every [Aquaponic farm]",
			"[+1 Culture] from every [Factory farm]"
		]
	},
	{
		"name": "Blessed Steel",
		"type": "Pantheon",
		"uniques": [
			"[+1 Culture, +1 Faith] from every [Metal]",
			"[+1 Culture, +1 Faith] from every [Scrap]"
		]
	},
	{
		"name": "Religious Settlements",
		"type": "Pantheon",
		"uniques": [
			"[-15]% Culture cost of natural border growth [in all cities]",
			"[-15]% Gold cost of acquiring tiles [in this city]"
		]
	},
	{
		"name": "Sacred Ruins",
		"type": "Pantheon",
		"uniques": [
			"[+1 Culture] from every [Jungle]",
			"[+1 Culture] from every [Forest]",
			"[+1 Culture] from every [Sunken Ruins]"
		]
	},
	{
		"name": "Sacred Waters",
		"type": "Pantheon",
		"uniques": ["[+1 Happiness, +1 Faith] in cities on [River] tiles"]
	},
	{
		"name": "Strength of the Earth",
		"type": "Pantheon",
		"uniques": [
			"[+1 Production, +1 Faith] from every [Mine]",
			"[+1 Production, +1 Faith] from every [Borehole]",
			"[+1 Production, +1 Faith] from every [Manufactory]",
			"[+1 Production, +1 Faith] from every [Mining Pit]"
		]
	},
	{
        "name": "Home and Hearth",
        "type": "Pantheon",
        "uniques": [
            "[+1 Food, +1 Production, +1 Gold, +1 Happiness, +1 Faith, +1 Science, +1 Culture] from every [Bomb Shelter]",
			"[+1 Food, +1 Production, +1 Gold, +1 Happiness, +1 Faith, +1 Science, +1 Culture] from every [Bomb Shelter] <in cities with at least [5] [Population]>"
        ]
    },
	{
		"name": "Works of Genius",
		"type": "Pantheon",
		"uniques": [
			"[+4 Faith] from every [Great Improvement]"
		]
	},

	// Follower beliefs
	{
		"name": "Hymns of Praise",
		"type": "Follower",
		"uniques": [
			"[+1 Happiness] from every [Shrine] <in cities with at least [3] [Followers of this Religion]>"
		]
	},
	{
		"name": "Feed the Faithful",
		"type": "Follower",
		"uniques": [
			"[+1 Food] from every [Shrine]",
			"[+1 Food] from every [Monastery]",
			"[+1 Food] from every [Megachurch]"
		]
	},
	{
		"name": "Obey the Elders",
		"type": "Follower",
		"uniques": [
			"[+2 Production] [in cities following this religion] <in cities with at least [1] [Specialists]>"
		]
	},
	{
		"name": "Feast of Flesh",
		"type": "Follower",
		"uniques": ["[+2 Happiness] from every [Ranch]"]
	},
	{
		"name": "Blessing of Peace",
		"type": "Follower",
		"uniques": ["[+15]% growth [in this city] <when not at war>"]
	},
	{
		"name": "Art of War",
		"type": "Follower",
		"uniques": [
			"May buy [Military] units with [Faith] for [2] times their normal Production cost <before the [Industrial era]>"
		]
	},
	{
		"name": "Pyramids",
		"type": "Follower",
		"uniques": [
			"May buy [Pyramid] buildings for [200] [Faith] [in cities following this religion]"
		]
	},
	{
		"name": "Gardens",
		"type": "Follower",
		"uniques": [
			"May buy [Garden] buildings for [200] [Faith] [in cities following this religion]"
		]
	},
	{
		"name": "Holy Fortresses",
		"type": "Follower",
		"uniques": [
			"May buy [Holy Fortress] buildings for [200] [Faith] [in cities following this religion]"
		]
	},
	{
		"name": "Dojos",
		"type": "Follower",
		"uniques": [
			"May buy [Dojo] buildings for [200] [Faith] [in cities following this religion]"
		]
	},
	{
		"name": "Divinity Schools",
		"type": "Follower",
		"uniques": [
			"May buy [Divinity School] buildings for [200] [Faith] [in cities following this religion]"
		]
	},
	{
		"name": "Happiness in Faith",
		"type": "Follower",
		"uniques": [
			"[+2 Happiness] from every [Monastery] <in cities with at least [5] [Followers of this Religion]>"
		]
	},
	{
		"name": "Labor of Love",
		"type": "Follower",
		"uniques": ["[+1]% [Production] from every follower, up to [15]%"]
	},
    {
        "name": "Public Prayer",
        "type": "Follower",
        "uniques": ["[+1 Faith, +1 Culture] from every [Town Hall] <in cities with at least [3] [Followers of this Religion]>"]
    },

	// Founder beliefs
	{
		"name": "Ceremonial Burial",
		"type": "Founder",
		"uniques": [
			"[+1 Happiness] for each global city following this religion"
		]
	},
	{
		"name": "Church Property",
		"type": "Founder",
		"uniques": ["[+2 Gold] for each global city following this religion"]
	},
	{
		"name": "Great Awakening",
		"type": "Founder",
		"uniques": [
			"[+2 Science, +1 Culture] for each global city following this religion"
		]
	},
	{
		"name": "Initiation Rites",
		"type": "Founder",
		"uniques": [
			"[+100 Gold] when a city adopts this religion for the first time <(modified by game speed)>"
		]
	},
	{
		"name": "Interfaith Dialogue",
		"type": "Founder",
		"uniques": [
			"When spreading religion to a city, gain [10] times the amount of followers of other religions as [Science]"
		]
	},
	{
		"name": "Primacy",
		"type": "Founder",
		"uniques": [
			"Resting point for Influence with City-States following this religion [+15]"
		]
	},
	{
		"name": "Peace Loving",
		"type": "Founder",
		"uniques": [
			"[+1 Happiness] from every [5] global followers [in non-enemy foreign cities]"
		]
	},
	{
		"name": "Pilgrimage",
		"type": "Founder",
		"uniques": ["[+2 Faith] for each global city following this religion"]
	},
	{
		"name": "Tithe",
		"type": "Founder",
		"uniques": ["[+1 Gold] from every [4] global followers [in all cities]"]
	},
	{
		"name": "World Church",
		"type": "Founder",
		"uniques": [
			"[+1 Culture] from every [5] global followers [in foreign cities]"
		]
	},

	// Enhancer beliefs
	{
		"name": "Defender of the Faith",
		"type": "Enhancer",
		"uniques": [
			// TODO: Should only be friendly territory of cities that follow this religion
			"[+20]% Strength <for [All] units> <when fighting in [Friendly Land] tiles>"
		]
	},
	{
		"name": "Illuminated Order",
		"type": "Enhancer",
		"uniques": [
			"[Faith] cost of purchasing [Preacher] units [-30]%",
			"[Faith] cost of purchasing [Censor] units [-30]%"
		]
	},
	{
		"name": "Itinerant Preachers",
		"type": "Enhancer",
		"uniques": ["Religion naturally spreads to cities [+3] tiles away"]
	},
	{
		"name": "Just War",
		"type": "Enhancer",
		"uniques": [
			// TODO: Should only be enemy territory of cities that follow this religion
			"[+20]% Strength <for [All] units> <when fighting in [Enemy Land] tiles>"
		]
	},
	{
		"name": "Path of the Sage",
		"type": "Enhancer",
		"uniques": [
			"[+25]% Spread Religion Strength <for [Great Prophet] units>",
			"[-25]% Faith cost of generating Great Prophet equivalents",
			"[Faith] cost of purchasing [Great Prophet] units [-25]%"
		]
	},
	{
		"name": "Missionary Zeal",
		"type": "Enhancer",
		"uniques": ["[+25]% Spread Religion Strength <for [Preacher] units>"]
	},
	{
		"name": "Religious Texts",
		"type": "Enhancer",
		"uniques": [
			"[+34]% Natural religion spread [in all cities]",
			"[+34]% Natural religion spread [in all cities] <after discovering [Education]>"
		]
	},
	{
		"name": "Religious Unity",
		"type": "Enhancer",
		"uniques": ["[+100]% Natural religion spread [in City-State cities]"]
	},
	{
		"name": "Funeral Rites",
		"type": "Enhancer",
		"uniques": [
			"Gain [100] [Faith] <upon expending a [Great Person] unit> <(modified by game speed)>",
			"Gain [20] [Culture] <upon expending a [Great Person] unit> <(modified by game speed)>"
		]
	},
	{
		"name": "Thought Control",
		"type": "Enhancer",
		"uniques": ["[Censor] units gain the [Control] promotion"]
	}
]
