[
	{
		"name": "Tourist",
		"baseHappiness": 15,
		"extraHappinessPerLuxury": 1,
		"researchCostModifier": 0.9,
		"unitCostModifier": 0.5,
		"unitSupplyBase": 10,
		"unitSupplyPerCity": 3,
		"buildingCostModifier": 0.5,
		"policyCostModifier": 0.5,
		"unhappinessModifier": 0.4,
		"barbarianBonus": 0.75,
		"barbarianSpawnDelay": 8,
		"playerBonusStartingUnits": [],
		"aiCityGrowthModifier": 1.6,
		"aiUnitCostModifier": 1.75,
		"aiBuildingCostModifier": 1.6,
		"aiWonderCostModifier": 1.6,
		"aiBuildingMaintenanceModifier": 1,
		"aiUnitMaintenanceModifier": 1,
		"aiUnitSupplyModifier": 0,
		"aiFreeTechs": [],
		"aiMajorCivBonusStartingUnits": [],
		"aiCityStateBonusStartingUnits": [
			"Era Starting Unit"
		],
		"aiUnhappinessModifier": 1,
		"aisExchangeTechs": false,
		"turnBarbariansCanEnterPlayerTiles": 10000,
		"clearBarbarianCampReward": 75
	},
	{
		"name": "Settler",
		"baseHappiness": 9,
		"extraHappinessPerLuxury": 0,
		"researchCostModifier": 1,
		"unitCostModifier": 1,
		"unitSupplyBase": 7,
		"unitSupplyPerCity": 3,
		"buildingCostModifier": 1,
		"policyCostModifier": 1,
		"unhappinessModifier": 1,
		"barbarianBonus": 0.5,
		"playerBonusStartingUnits": [],
		"aiCityGrowthModifier": 1,
		"aiUnitCostModifier": 1.25,
		"aiBuildingCostModifier": 1,
		"aiWonderCostModifier": 1.5,
		"aiBuildingMaintenanceModifier": 0.75,
		"aiUnitMaintenanceModifier": 0.75,
		"aiFreeTechs": [],
		"aiMajorCivBonusStartingUnits": [],
		"aiCityStateBonusStartingUnits": [
			"Era Starting Unit"
		],
		"aiUnhappinessModifier": 1,
		"aisExchangeTechs": true,
		"turnBarbariansCanEnterPlayerTiles": 60,
		"clearBarbarianCampReward": 75
	},
	{
		"name": "Chieftain",
		"baseHappiness": 9,
		"extraHappinessPerLuxury": 0,
		"researchCostModifier": 1,
		"unitCostModifier": 1,
		"unitSupplyBase": 7,
		"unitSupplyPerCity": 2,
		"buildingCostModifier": 1,
		"policyCostModifier": 1,
		"unhappinessModifier": 1,
		"barbarianBonus": 0.45,
		"playerBonusStartingUnits": [],
		"aiCityGrowthModifier": 0.5,
		"aiUnitCostModifier": 0.5,
		"aiBuildingCostModifier": 1,
		"aiWonderCostModifier": 1,
		"aiBuildingMaintenanceModifier": 0.5,
		"aiUnitMaintenanceModifier": 0.5,
		"aiFreeTechs": [],
		"aiMajorCivBonusStartingUnits": [],
		"aiCityStateBonusStartingUnits": [
			"Era Starting Unit"
		],
		"aiUnhappinessModifier": 1,
		"aisExchangeTechs": true,
		"turnBarbariansCanEnterPlayerTiles": 40,
		"clearBarbarianCampReward": 50
	},
	{
		"name": "Warlord",
		"baseHappiness": 9,
		"extraHappinessPerLuxury": 0,
		"researchCostModifier": 1,
		"unitCostModifier": 1,
		"unitSupplyBase": 5,
		"unitSupplyPerCity": 2,
		"buildingCostModifier": 1,
		"policyCostModifier": 1,
		"unhappinessModifier": 1,
		"barbarianBonus": 0.35,
		"playerBonusStartingUnits": [],
		"aiCityGrowthModifier": 0.5,
		"aiUnitCostModifier": 0.5,
		"aiBuildingCostModifier": 1,
		"aiWonderCostModifier": 1,
		"aiBuildingMaintenanceModifier": 0.35,
		"aiUnitMaintenanceModifier": 0.35,
		"aiFreeTechs": [],
		"aiMajorCivBonusStartingUnits": [],
		"aiCityStateBonusStartingUnits": [
			"Spearman"
		],
		"aiUnhappinessModifier": 1,
		"aisExchangeTechs": true,
		"turnBarbariansCanEnterPlayerTiles": 0,
		"clearBarbarianCampReward": 25
	},
	{
		"name": "Prince",
		"baseHappiness": 9,
		"extraHappinessPerLuxury": 0,
		"researchCostModifier": 1,
		"unitCostModifier": 1,
		"unitSupplyBase": 5,
		"unitSupplyPerCity": 2,
		"buildingCostModifier": 1,
		"policyCostModifier": 1,
		"unhappinessModifier": 1,
		"barbarianBonus": 0.25,
		"playerBonusStartingUnits": [],
		"aiCityGrowthModifier": 0.5,
		"aiUnitCostModifier": 0.5,
		"aiBuildingCostModifier": 1,
		"aiWonderCostModifier": 1,
		"aiBuildingMaintenanceModifier": 0.25,
		"aiUnitMaintenanceModifier": 0.25,
		"aiFreeTechs": ["Redomestication", "Iron Working"],
		"aiMajorCivBonusStartingUnits": [],
		"aiCityStateBonusStartingUnits": [
			"Era Starting Unit"
		],
		"aiUnhappinessModifier": 0.75,
		"aisExchangeTechs": true,
		"turnBarbariansCanEnterPlayerTiles": 0,
		"clearBarbarianCampReward": 25
	},
	{
		"name": "King",
		"baseHappiness": 9,
		"extraHappinessPerLuxury": 0,
		"researchCostModifier": 1,
		"unitCostModifier": 1,
		"unitSupplyBase": 5,
		"unitSupplyPerCity": 2,
		"buildingCostModifier": 1,
		"policyCostModifier": 1,
		"unhappinessModifier": 1,
		"barbarianBonus": 0.15,
		"playerBonusStartingUnits": [],
		"aiCityGrowthModifier": 0.4,
		"aiUnitCostModifier": 0.4,
		"aiBuildingCostModifier": 1,
		"aiWonderCostModifier": 1,
		"aiBuildingMaintenanceModifier": 0.2,
		"aiUnitMaintenanceModifier": 0.2,
		"aiFreeTechs": ["Redomestication", "Iron Working"],
		"aiMajorCivBonusStartingUnits": [],
		"aiCityStateBonusStartingUnits": [
			"Era Starting Unit"
		],
		"aiUnhappinessModifier": 0.7,
		"aisExchangeTechs": true,
		"turnBarbariansCanEnterPlayerTiles": 0,
		"clearBarbarianCampReward": 25
	},
	{
		"name": "Emperor",
		"baseHappiness": 9,
		"extraHappinessPerLuxury": 0,
		"researchCostModifier": 1,
		"unitCostModifier": 1,
		"unitSupplyBase": 5,
		"unitSupplyPerCity": 2,
		"buildingCostModifier": 1,
		"policyCostModifier": 1,
		"unhappinessModifier": 1,
		"barbarianBonus": 0.1,
		"playerBonusStartingUnits": [],
		"aiCityGrowthModifier": 0.3,
		"aiUnitCostModifier": 0.3,
		"aiBuildingCostModifier": 0.8,
		"aiWonderCostModifier": 1,
		"aiBuildingMaintenanceModifier": 0.15,
		"aiUnitMaintenanceModifier": 0.15,
		"aiFreeTechs": [
			"Secrets of the Past",
			"Construction",
			"Redomestication",
			"Iron Working"
		],
		"aiMajorCivBonusStartingUnits": ["Era Starting Unit"],
		"aiCityStateBonusStartingUnits": [
			"Era Starting Unit"
		],
		"aiUnhappinessModifier": 0.6,
		"aisExchangeTechs": true,
		"turnBarbariansCanEnterPlayerTiles": 0,
		"clearBarbarianCampReward": 25
	},
	{
		"name": "Immortal",
		"baseHappiness": 9,
		"extraHappinessPerLuxury": 0,
		"researchCostModifier": 1,
		"unitCostModifier": 1,
		"unitSupplyBase": 5,
		"unitSupplyPerCity": 2,
		"buildingCostModifier": 1,
		"policyCostModifier": 1,
		"unhappinessModifier": 1,
		"barbarianBonus": 0,
		"playerBonusStartingUnits": ["Civilian Convoy", "Scout"],
		"aiCityGrowthModifier": 0.2,
		"aiUnitCostModifier": 0.2,
		"aiBuildingCostModifier": 0.75,
		"aiWonderCostModifier": 1,
		"aiBuildingMaintenanceModifier": 0.15,
		"aiUnitMaintenanceModifier": 0.15,
		"aiFreeTechs": [
			"Secrets of the Past",
			"Construction",
			"Redomestication",
			"Iron Working"
		],
		"aiMajorCivBonusStartingUnits": [
			"Civilian Convoy",
			"Era Starting Unit",
			"Era Starting Unit",
			"Era Starting Unit"
		],
		"aiCityStateBonusStartingUnits": [
			"Era Starting Unit"
		],
		"aiUnhappinessModifier": 0.55,
		"aisExchangeTechs": true,
		"turnBarbariansCanEnterPlayerTiles": 0,
		"clearBarbarianCampReward": 25
	},
	{
		"name": "Deity",
		"baseHappiness": 9,
		"extraHappinessPerLuxury": 0,
		"researchCostModifier": 1,
		"unitCostModifier": 1,
		"unitSupplyBase": 4,
		"unitSupplyPerCity": 2,
		"buildingCostModifier": 1,
		"policyCostModifier": 1,
		"unhappinessModifier": 1,
		"barbarianBonus": 0,
		"playerBonusStartingUnits": [],
		"aiCityGrowthModifier": 0.1,
		"aiUnitCostModifier": 0.2,
		"aiBuildingCostModifier": 0.75,
		"aiWonderCostModifier": 1,
		"aiBuildingMaintenanceModifier": 0.1,
		"aiUnitMaintenanceModifier": 0.1,
		"aiFreeTechs": [
			"Secrets of the Past",
			"Construction",
			"Redomestication",
			"Iron Working"
		],
		"aiMajorCivBonusStartingUnits": [
			"Civilian Convoy",
			"Worker",
			"Era Starting Unit",
			"Era Starting Unit",
			"Era Starting Unit"
		],
		"aiCityStateBonusStartingUnits": [
			"Era Starting Unit"
		],
		"aiUnhappinessModifier": 0.5,
		"aisExchangeTechs": true,
		"turnBarbariansCanEnterPlayerTiles": 0,
		"clearBarbarianCampReward": 25
	},
	{
		"name": "Sandbox",
		"baseHappiness": 100,
		"extraHappinessPerLuxury": 1,
		"researchCostModifier": 0.01,
		"unitCostModifier": 0.01,
		"unitSupplyBase": 10,
		"unitSupplyPerCity": 3,
		"buildingCostModifier": 0.01,
		"policyCostModifier": 0.01,
		"unhappinessModifier": 0,
		"barbarianBonus": 1,
		"playerBonusStartingUnits": [],
		"aiCityGrowthModifier": 0.5,
		"aiUnitCostModifier": 0.5,
		"aiBuildingCostModifier": 1,
		"aiWonderCostModifier": 1,
		"aiBuildingMaintenanceModifier": 0.25,
		"aiUnitMaintenanceModifier": 0.25,
		"aiFreeTechs": [],
		"aiMajorCivBonusStartingUnits": [],
		"aiCityStateBonusStartingUnits": [
			"Era Starting Unit"
		],
		"aiUnhappinessModifier": 0.75,
		"aisExchangeTechs": true,
		"turnBarbariansCanEnterPlayerTiles": 0,
		"clearBarbarianCampReward": 25
	}
]
