[
	{
		"name": "Decivilized era",
		"researchAgreementCost": 150,
		"startingSettlerCount": 1,
		"startingSettlerUnit": "Civilian Convoy",
		"startingWorkerCount": 0,
		"startingMilitaryUnitCount": 1,
		"startingMilitaryUnit": "Scout",
		"settlerPopulation": 1,
		"startPercent": 0,
		"citySound": "cityAncient",
		"embarkDefense": 6,
		"iconRGB": [255, 87, 35]
	},
	{
		"name": "Rediscovering era",
		"researchAgreementCost": 150,
		"startingSettlerCount": 1,
		"startingSettlerUnit": "Civilian Convoy",
		"startingWorkerCount": 0,
		"startingMilitaryUnitCount": 1,
		"startingMilitaryUnit": "Scout",
		"startingGold": 0,
		"startingCulture": 0,
		"settlerPopulation": 1,
		"startPercent": 10,
		"citySound": "cityClassical",
		"embarkDefense": 10,
		"iconRGB": [233, 31, 99]
	},
	{
		"name": "Neofeudal era",
		"researchAgreementCost": 150,
		"startingSettlerCount": 1,
		"startingSettlerUnit": "Civilian Convoy",
		"startingWorkerCount": 0,
		"startingMilitaryUnitCount": 1,
		"startingMilitaryUnit": "Scout",
		"startingGold": 0,
		"startingCulture": 0,
		"settlerPopulation": 1,
		"startPercent": 25,
		"citySound": "cityMedieval",
		"embarkDefense": 13,
		"iconRGB": [157, 39, 176]
	},
	{
		"name": "Rebuilding era",
		"researchAgreementCost": 250,
		"startingSettlerCount": 1,
		"startingSettlerUnit": "Civilian Convoy",
		"startingWorkerCount": 1,
		"startingWorkerUnit": "Worker",
		"startingMilitaryUnitCount": 2,
		"startingMilitaryUnit": "Forward Observer",
		"startingGold": 0,
		"startingCulture": 0,
		"settlerPopulation": 1,
		"settlerBuildings": ["Food Store", "Monument", "Library", "Well", "Greenhouse", "Forge", "Market", "Shrine"],
		"startPercent": 37,
		"citySound": "cityRenaissance",
		"embarkDefense": 16,
		"iconRGB": [104, 58, 183],
		"uniques": ["Every major Civilization gains a spy once a civilization enters this era"]
	},
	{
		"name": "Industrial era",
		"researchAgreementCost": 300,
		"startingSettlerCount": 1,
		"startingSettlerUnit": "Civilian Convoy",
		"startingWorkerCount": 2,
		"startingWorkerUnit": "Worker",
		"startingMilitaryUnitCount": 3,
		"startingMilitaryUnit": "Soldier",
		"startingGold": 100,
		"startingCulture": 400,
		"settlerPopulation": 3,
		"settlerBuildings": ["Food Store", "Monument", "Library", "Well", "Greenhouse", "Forge", "Market", "Water Storage", "Barracks", "Distillery", "Listening Post"],
		"startPercent": 50,
		"citySound": "cityIndustrial",
		"embarkDefense": 20,
		"iconRGB": [63, 81, 182],
		"uniques": [
			"May not generate great prophet equivalents naturally",
			"May buy [Great Prophet] units for [200] [Faith] [in all cities in which the majority religion is a major religion] at an increasing price ([100])",
			"Starting in this era disables religion",
			"Every major Civilization gains a spy once a civilization enters this era"
		]
	},
	{
		"name": "Postmodern era",
		"researchAgreementCost": 350,
		"startingSettlerCount": 1,
		"startingSettlerUnit": "Civilian Convoy",
		"startingWorkerCount": 2,
		"startingWorkerUnit": "Worker",
		"startingMilitaryUnitCount": 4,
		"startingMilitaryUnit": "Soldier",
		"startingGold": 200,
		"startingCulture": 500,
		"settlerPopulation": 3,
		"settlerBuildings": ["Food Store", "Monument", "Library", "Well", "Greenhouse", "Forge", "Market", "Water Storage", "Barracks", "Distillery", "Listening Post"],
		"startPercent": 65,
		"citySound": "cityAtomic",
		"embarkDefense": 24,
		"iconRGB": [33, 150, 243],
		"uniques": [
			"May not generate great prophet equivalents naturally",
			"May buy [Great Prophet] units for [200] [Faith] [in all cities in which the majority religion is a major religion] at an increasing price ([100])",
			"Starting in this era disables religion",
			"Every major Civilization gains a spy once a civilization enters this era"
		]
	},
	{
		"name": "Information era",
		"researchAgreementCost": 400,
		"startingSettlerCount": 1,
		"startingSettlerUnit": "Civilian Convoy",
		"startingWorkerCount": 3,
		"startingWorkerUnit": "Worker",
		"startingMilitaryUnitCount": 5,
		"startingMilitaryUnit": "Soldier",
		"startingGold": 200,
		"startingCulture": 500,
		"settlerPopulation": 1,
		"settlerBuildings": ["Food Store", "Monument", "Library", "Well", "Greenhouse", "Forge", "Market", "Water Storage", "Barracks", "Distillery", "Listening Post"],
		"startPercent": 75,
		"citySound": "cityInformation",
		"embarkDefense": 29,
		"iconRGB": [0, 150, 136],
		"uniques": [
			"May not generate great prophet equivalents naturally",
			"May buy [Great Prophet] units for [200] [Faith] [in all cities in which the majority religion is a major religion] at an increasing price ([100])",
			"Starting in this era disables religion",
			"Every major Civilization gains a spy once a civilization enters this era"
		]
	},
	{
		"name": "New Future era",
		"researchAgreementCost": 400,
		"startingSettlerCount": 1,
		"startingSettlerUnit": "Civilian Convoy",
		"startingWorkerCount": 3,
		"startingWorkerUnit": "Worker",
		"startingMilitaryUnitCount": 6,
		"startingMilitaryUnit": "Soldier",
		"startingGold": 400,
		"startingCulture": 600,
		"settlerPopulation": 5,
		"settlerBuildings": ["Food Store", "Monument", "Library", "Well", "Greenhouse", "Forge", "Market", "Water Storage", "Barracks", "Distillery", "Listening Post", "Stadium"],
		"startPercent": 80,
		"citySound": "cityFuture",
		"embarkDefense": 33,
		"iconRGB": [76, 176, 81],
		"uniques": [
			"May not generate great prophet equivalents naturally",
			"May buy [Great Prophet] units for [200] [Faith] [in all cities in which the majority religion is a major religion] at an increasing price ([100])",
			"Starting in this era disables religion",
			"Every major Civilization gains a spy once a civilization enters this era"
		]
	},
	{
		"name": "Singularity era",
		"researchAgreementCost": 400,
		"startingSettlerCount": 1,
		"startingSettlerUnit": "Civilian Convoy",
		"startingWorkerCount": 3,
		"startingWorkerUnit": "Worker",
		"startingMilitaryUnitCount": 6,
		"startingMilitaryUnit": "Soldier",
		"startingGold": 400,
		"startingCulture": 600,
		"settlerPopulation": 5,
		"settlerBuildings": ["Food Store", "Monument", "Library", "Well", "Greenhouse", "Forge", "Market", "Water Storage", "Barracks", "Distillery", "Listening Post", "Stadium"],
		"startPercent": 80,
		"citySound": "cityFuture",
		"embarkDefense": 33,
		"iconRGB": [76, 176, 81],
		"uniques": [
			"May not generate great prophet equivalents naturally",
			"May buy [Great Prophet] units for [200] [Faith] [in all cities in which the majority religion is a major religion] at an increasing price ([100])",
			"Starting in this era disables religion",
			"Every major Civilization gains a spy once a civilization enters this era"
		]
	}
]
