[
	{
                "name": "Level 1 Drought",
                "text": "The climate has worsened, causing a mild drought.",
                "choices": [
                        {
                                "text": "Mitigate it",
                                "triggeredUniques": ["Instantly consumes [1] [H2O]", "Gain [-10] [Gold]", "Instantly consumes [1000] [CO2]"],
                                "conditions": ["Only available <if [Cloud Seeder Network] is constructed>"]
                        },
                        {
                                "text": "Endure it",
                                "triggeredUniques": ["Instantly consumes [20] [H2O]", "Gain [-100] [Gold]", "Instantly consumes [1000] [CO2]", "Instantly provides [1] [Pollution]"],
                                "conditions": ["Only available <if [Cloud Seeder Network] is not constructed>"]
                        }
                ]
        },
        {
                "name": "Level 2 Drought",
                "text": "The climate has worsened, causing a moderate drought.",
                "choices": [
                        {
                                "text": "Mitigate it",
                                "triggeredUniques": ["Instantly consumes [5] [H2O]", "Gain [-20] [Gold]", "Instantly consumes [1500] [CO2]"],
                                "conditions": ["Only available <if [Cloud Seeder Network] is constructed>"]
                        },
                        {
                                "text": "Endure it",
                                "triggeredUniques": ["Instantly consumes [50] [H2O]", "Gain [-200] [Gold]", "Instantly consumes [1500] [CO2]", "Instantly provides [1] [Pollution]"],
                                "conditions": ["Only available <if [Cloud Seeder Network] is not constructed>"]
                        }
                ]
        },
        {
                "name": "Level 3 Drought",
                "text": "The climate has worsened, causing a severe drought.",
                "choices": [
                        {
                                "text": "Mitigate it",
                                "triggeredUniques": ["Instantly consumes [10] [H2O]", "Gain [-50] [Gold]", "Instantly consumes [2000] [CO2]"],
                                "conditions": ["Only available <if [Cloud Seeder Network] is constructed>"]
                        },
                        {
                                "text": "Endure it",
                                "triggeredUniques": ["Instantly consumes [100] [H2O]", "[-1] population in a random city", "Gain [-300] [Gold]", "Instantly consumes [2000] [CO2]", "Instantly provides [1] [Pollution]"],
                                "conditions": ["Only available <if [Cloud Seeder Network] is not constructed>"]
                        }
                ]
        },
        {
                "name": "Level 4 Drought",
                "text": "The climate has worsened, causing a very severe drought.",
                "choices": [
                        {
                                "text": "Mitigate it",
                                "triggeredUniques": ["Instantly consumes [15] [H2O]", "Gain [-100] [Gold]", "Instantly consumes [2500] [CO2]"],
                                "conditions": ["Only available <if [Cloud Seeder Network] is constructed>"]
                        },
                        {
                                "text": "Endure it",
                                "triggeredUniques": ["Instantly consumes [200] [H2O]", "[-2] population in a random city", "Gain [-500] [Gold]", "Instantly consumes [2500] [CO2]", "Instantly provides [1] [Pollution]"],
                                "conditions": ["Only available <if [Cloud Seeder Network] is not constructed>"]
                        }
                ]
        },
        {
                "name": "Level 5 Drought",
                "text": "The climate has worsened, causing a catastrophic drought.",
                "choices": [
                        {
                                "text": "Mitigate it",
                                "triggeredUniques": ["Instantly consumes [15] [H2O]", "Gain [-100] [Gold]", "Instantly consumes [3000] [CO2]"],
                                "conditions": ["Only available <if [Cloud Seeder Network] is constructed>"]
                        },
                        {
                                "text": "Endure it",
                                "triggeredUniques": ["Instantly consumes [500] [H2O]", "[-1] population [in all cities]", "Instantly consumes [3000] [CO2]", "Gain [-1000] [Gold]"],
                                "conditions": ["Only available <if [Cloud Seeder Network] is not constructed>"]
                        }
                ]
        },

        {
                "name": "Climate Repair",
                "text": "We have repaired the environment, bringing prosperity to our empire.",
                "choices": [
                        {
                                "text": "Enjoy it",
                                "triggeredUniques": ["Empire enters golden age", "Instantly provides [1000] [CO2]", "Instantly consumes [1] [Pollution]"]
                        }
                ]
        },

        {
                "name": "Green Victory",
                "text": "We have healed the earth's climate!",
                "choices": [
                        {
                                "text": "Prosper",
                                "triggeredUniques": ["Gain a free [Green Victory] [in capital]", "[+1] population [in all cities]", "Empire enters golden age", "Instantly provides [1000] [CO2]"]
                        }
                ]
        },

        {
                "name": "Water Investment",
                "text": "We have accumulated a massive amount of water, allowing for major investment.",
                "choices": [
                        {
                                "text": "Conserve it",
                                "triggeredUniques": ["Instantly provides [10] [H2O]"]
                        },
                        {
                                "text": "Spend it",
                                "triggeredUniques": ["Instantly consumes [500] [CO2]", "Instantly consumes [1000] [H2O]", "Gain [1000] [Gold]", "Empire enters golden age"]
                        }
                ]
        },

        {
                "name": "Water Shortage",
                "text": "Our civilization is suffering from lack of water. We must seek out more water sources immediately!",
                "choices": [
                        {
                                "text": "Wait it out",
                                "triggeredUniques": ["Instantly provides [1] [H2O]"]
                        },
                        {
                                "text": "Seek out water",
                                "triggeredUniques": ["Instantly provides [3] [H2O]", "[2] free [Worker] units appear"]
                        },
                        {
                                "text": "Take emergency measures",
                                "triggeredUniques": [
                                        "Instantly provides [1] [H2O] <for every [[Greenhouse] Buildings]>",
                                        "Sell [Greenhouse] buildings [in all cities]",
                                        "Instantly provides [1] [H2O] <for every [[Research Lab] Buildings]>",
                                        "Sell [Research Lab] buildings [in all cities]",
                                        "Instantly provides [1] [H2O] <for every [[Data Center] Buildings]>",
                                        "Sell [Data Center] buildings [in all cities]"
                                ]
                        }
                ]
        },

        {
                "name": "Landing Event - Rediscovering era",
                "text": "We have received reinforcements from our space station!",
                "choices": [
                        {
                                "text": "Receive civilian reinforcments",
                                "triggeredUniques": ["Free Great Person"]
                        },
                        {
                                "text": "Receive military reinforcments",
                                "triggeredUniques": ["[4] free [Spearman] units appear", "Instantly provides [5] [H2O]"]
                        }
                ]
        },
        {
                "name": "Landing Event - Neofeudal era",
                "text": "We have received reinforcements from our space station!",
                "choices": [
                        {
                                "text": "Receive civilian reinforcments",
                                "triggeredUniques": ["Free Great Person"]
                        },
                        {
                                "text": "Receive military reinforcments",
                                "triggeredUniques": ["[4] free [Machete] units appear", "Instantly provides [5] [H2O]"]
                        }
                ]
        },
        {
                "name": "Landing Event - Rebuilding era",
                "text": "We have received reinforcements from our space station!",
                "choices": [
                        {
                                "text": "Receive civilian reinforcments",
                                "triggeredUniques": ["Free Great Person"]
                        },
                        {
                                "text": "Receive military reinforcments",
                                "triggeredUniques": ["[4] free [Soldier] units appear", "Instantly provides [5] [H2O]"]
                        }
                ]
        },
        {
                "name": "Landing Event - Industrial era",
                "text": "We have received reinforcements from our space station!",
                "choices": [
                        {
                                "text": "Receive civilian reinforcments",
                                "triggeredUniques": ["Free Great Person"]
                        },
                        {
                                "text": "Receive military reinforcments",
                                "triggeredUniques": ["[6] free [Soldier] units appear", "Instantly provides [7] [H2O]"]
                        }
                ]
        },
        {
                "name": "Landing Event - Postmodern era",
                "text": "We have received reinforcements from our space station!",
                "choices": [
                        {
                                "text": "Receive civilian reinforcments",
                                "triggeredUniques": ["Free Great Person"]
                        },
                        {
                                "text": "Receive military reinforcments",
                                "triggeredUniques": ["[7] free [Soldier] units appear", "Instantly provides [8] [H2O]"]
                        }
                ]
        },
        {
                "name": "Landing Event - Information era",
                "text": "We have received reinforcements from our space station!",
                "choices": [
                        {
                                "text": "Receive civilian reinforcments",
                                "triggeredUniques": ["Free Great Person"]
                        },
                        {
                                "text": "Receive military reinforcments",
                                "triggeredUniques": ["[8] free [Soldier] units appear", "Instantly provides [9] [H2O]"]
                        }
                ]
        },
        {
                "name": "Landing Event - New Future era",
                "text": "We have received reinforcements from our space station!",
                "choices": [
                        {
                                "text": "Receive civilian reinforcments",
                                "triggeredUniques": ["Free Great Person"]
                        },
                        {
                                "text": "Receive military reinforcments",
                                "triggeredUniques": ["[8] free [Soldier] units appear", "Instantly provides [9] [H2O]", "Gain [100] [Gold]"]
                        }
                ]
        },
        {
                "name": "Landing Event - Singularity era",
                "text": "We have received reinforcements from our space station!",
                "choices": [
                        {
                                "text": "Receive civilian reinforcments",
                                "triggeredUniques": ["Free Great Person"]
                        },
                        {
                                "text": "Receive military reinforcments",
                                "triggeredUniques": ["[10] free [Soldier] units appear", "Instantly provides [11] [H2O]", "Gain [200] [Gold]"]
                        }
                ]
        }
]
