[
	{
		"name": "Adaptation",
		"era": "Decivilized era",
		"priorities": {
			"Neutral": 0,
			"Cultural": 30,
			"Diplomatic": 0,
			"Domination": 0,
			"Scientific": 30
		},
		"uniques": [
			"[+3 Culture] [in capital]",
			"[-25]% Culture cost of natural border growth [in all cities]"
		],
		"policies": [
			{
				"name": "Castle Doctrine",
				"uniques": [
					"[+25]% City Strength from defensive buildings",
					"[+50]% Strength for cities <with a garrison> <when attacking>",
					"[+1 Happiness] [in all cities with a garrison]"
				],
				"row": 1,
				"column": 1
			},
			{
				"name": "Centralization",
				"uniques": [
					"[+10]% growth [in capital]",
					"[+2 Food] [in capital]"
				],
				"row": 1,
				"column": 3
			},
			{
				"name": "Differential Rationing",
				"uniques": [
					"[-50]% Food consumption by specialists [in all cities]"
				],
				"row": 1,
				"column": 5
			},
			{
				"name": "Planned Economy",
				"uniques": [
					"[+25]% growth [in all cities]",
					"[+33]% [Production] from every [Council]"
				],
				"requires": ["Castle Doctrine", "Centralization"],
				"row": 2,
				"column": 2
			},
			{
				"name": "Parallel Markets",
				"uniques": [
					"[+1 Gold, +1 Happiness] per [2] population [in capital]"
				],
				"requires": ["Centralization", "Differential Rationing"],
				"row": 2,
				"column": 4
			},

			{
				"name": "Adaptation Complete",
				"uniques": [
					"[+10]% growth [in all cities]",
					"[+2 Food] [in all cities]",
					"Provides a [Walls] in your first [4] cities for free",
					"Provides a [Defensive Emplacements] in your first [4] cities for free"
				]
			}
		]
	},
	{
		"name": "Expansionism",
		"era": "Decivilized era",
		"priorities": {
			"Neutral": 30,
			"Cultural": 0,
			"Diplomatic": 30,
			"Domination": 30,
			"Scientific": 0
		},
		"uniques": ["[+1 Culture] [in all cities]"],
		"policies": [
			{
				"name": "Restorers",
				"uniques": [
					"[+50]% Production when constructing [Civilian Convoy] units [in capital]",
					"Free [Civilian Convoy] appears",
					"[+1] Movement <for [Civilian Convoy] units>"
				],
				"row": 1,
				"column": 1
			},
			{
				"name": "Representation",
				"uniques": [
					"Each city founded increases culture cost of policies [33]% less than normal",
					"[+5 Happiness] from every [Congress]"
				],
				"row": 1,
				"column": 3
			},
			{
				"name": "Courier Service",
				"uniques": [
					"[+1 Happiness] [in all cities connected to capital]",
					"[-10]% Unhappiness from [Population] [in all cities]",
					"[-50]% City-State Influence degradation"
				],
				"row": 1,
				"column": 5
			},
			{
				"name": "Reclaimers",
				"uniques": [
					"Double quantity of [Coal] produced",
					"Double quantity of [Oil] produced",
					"Double quantity of [Aluminum] produced",
					"Retain [50]% of the happiness from a luxury after the last copy has been traded away"
				],
				"requires": ["Restorers"],
				"row": 2,
				"column": 1
			},
			{
				"name": "Citizen Militia",
				"uniques": [
					"Units in cities cost no Maintenance",
					"[+2 Production] [in all cities with a garrison]",
					"[-33]% maintenance costs <for [Civilian] units>"
				],
				"requires": ["Representation", "Courier Service"],
				"row": 2,
				"column": 4
			},
			{
				"name": "Expansionism Complete",
				"uniques": [
					"Free Great Person",
					"Allied City-States will occasionally gift Great People"
				]
			}
		]
	},
	{
		"name": "Sovereignty",
		"era": "Decivilized era",
		"priorities": {
			"Neutral": 10,
			"Cultural": 10,
			"Diplomatic": 10,
			"Domination": 10,
			"Scientific": 10
		},
		"uniques": [
			"[+33]% Strength <vs [Barbarian] units>",
			"Earn [75]% of killed [Barbarian] unit's [Strength] as [Culture]",
			"Notified of new Barbarian encampments"
		],
		"policies": [
			{
				"name": "Discipline",
				"uniques": [
					"[+15]% Strength <for [Melee] units> <when adjacent to a [Melee] unit>",
					"Free [Great General] appears"
				],
				"row": 1,
				"column": 1
			},
			{
				"name": "Doctrine",
				"uniques": [
					"[+15]% Production when constructing [Land] units [in all cities]",
					"Earn [50]% of killed [Military] unit's [Strength] as [Culture]"
				],
				"row": 1,
				"column": 3
			},
			{
				"name": "Autocracy",
				"uniques": [
					"[+2 Happiness, +1 Culture] [in all cities with a garrison]",
					"Double quantity of [Slaves] produced"
				],
				"row": 1,
				"column": 5
			},
			{
				"name": "Military Tradition",
				"uniques": [
					"[50]% XP gained from combat <for [Military] units>",
					"Militaristic City-States grant units [2] times as fast when you are at war with a common nation"
				],
				"requires": ["Doctrine", "Discipline"],
				"row": 2,
				"column": 1
			},
			{
				"name": "Triumph",
				"uniques": [
					"Earn [10]% of killed [Military] unit's [Cost] as [Gold]",
					"When defeating a [Military] unit, earn [25] Gold and recruit it <with [25]% chance>"
				],
				"requires": ["Doctrine"],
				"row": 2,
				"column": 3
			},

			{
				"name": "Sovereignty Complete",
				"uniques": [
					"[-33]% Gold cost of upgrading <for [Military] units>",
					"[-25]% maintenance costs <for [All] units>"
				]
			}
		]
	},
	{
		"name": "Theocracy",
		"era": "Neofeudal era",
		"priorities": {
			"Neutral": 20,
			"Cultural": 20,
			"Diplomatic": 20,
			"Domination": 20,
			"Scientific": 0
		},
		"uniques": [
			"[+100]% Production when constructing [Faith] buildings [in all cities]",
			"Only available <before adopting [Rationalism]>"
		],
		"policies": [
			{
				"name": "Organized Religion",
				"uniques": [
					"[+1 Happiness, -1 Science, +1 Faith] from every [Shrine]",
					"[+1 Happiness, -1 Science, +1 Faith] from every [Monastery]",
					"[+1 Happiness, -1 Science, +1 Faith] from every [Megachurch]"
				],
				"row": 1,
				"column": 2
			},
			{
				"name": "Mandate Of Heaven",
				"uniques": [
					"[+25]% Strength <for [Wounded] units>",
					"[+10]% Strength <for [All] units> <during a Golden Age>"
				],
				"row": 1,
				"column": 5
			},
			{
				"name": "Indulgences",
				"uniques": ["[+10]% [Gold] from every [Monastery]"],
				"requires": ["Organized Religion"],
				"row": 2,
				"column": 1
			},
			{
				"name": "Daily Bread",
				"uniques": [
					"[+1 Food] from all [Faith] buildings",
					"Empire enters golden age"
				],
				"requires": ["Organized Religion"],
				"row": 2,
				"column": 3
			},
			{
				"name": "Holy Scriptures",
				"uniques": [
					"[-10]% Culture cost of adopting new Policies"
				],
				"requires": ["Mandate Of Heaven", "Daily Bread"],
				"row": 3,
				"column": 4
			},
			{
				"name": "Theocracy Complete",
				"uniques": [
					"Free [Great Prophet] appears",
					"[+1 Gold, +2 Culture] from every [Seminary]",
					"[+1 Gold, +2 Culture] from every [Oracle]"
				]
			}
		]
	},
	{
		"name": "Rationalism",
		"era": "Neofeudal era",
		"priorities": {
			"Neutral": 20,
			"Cultural": 0,
			"Diplomatic": 20,
			"Domination": 20,
			"Scientific": 20
		},
		"uniques": [
			"[Great Scientist] is earned [20]% faster",
			"Science gained from research agreements [+50]%",
			"[+25]% enemy spy effectiveness [in all cities]",
			"Only available <before adopting [Theocracy]>"
		],
		"policies": [
			{
				"name": "Educated Elite",
				"uniques": [
					"[+1 Science] from every specialist [in all cities]",
					"Allied City-States provide [Science] equal to [25]% of what they produce for themselves"
				],
				"row": 1,
				"column": 1
			},

			{
				"name": "Skepticism",
				"uniques": [
					"[+1 Happiness] from every [University]",
					"[+1 Happiness] from every [Data Center]",
					"[+1 Happiness] from every [Public School]"
				],
				"row": 1,
				"column": 3
			},
			{
				"name": "Equipment Upgrades",
				"uniques": [
					"[-33]% Gold cost of upgrading <for [Military] units>",
					"[+1 Science] from every [Barracks]",
					"[+10]% [Science] from every [Armory]"
				],
				"row": 1,
				"column": 5
			},
			{
				"name": "Sample Analysis",
				"uniques": [
					"[+1 Science] from every [Moisture trap]",
					"[+17]% [Science] from every [University]"
				],
				"requires": ["Educated Elite"],
				"row": 2,
				"column": 1
			},
			{
				"name": "Technocracy",
				"uniques": [
					"[+25]% [Science] from every [Council]",
					"[+1 Gold] from all [Science] buildings"
				],
				"requires": ["Skepticism"],
				"row": 2,
				"column": 3
			},
			{
				"name": "Rationalism Complete",
				"uniques": [
					"[+15]% [Science] <while the empire is happy>",
					"[2] Free Technologies"
				]
			}
		]
	},
	{
		"name": "Constitution",
		"era": "Neofeudal era",
		"priorities": {
			"Neutral": 20,
			"Cultural": 20,
			"Diplomatic": 20,
			"Domination": 0,
			"Scientific": 20
		},
		"uniques": [
			"[+25]% Great Person generation [in all cities]",
			"Only available <before adopting [Supremacy]>"
		],
		"policies": [
			{
				"name": "Civil Society",
				"uniques": [
					"[-50]% Unhappiness from [Specialists] [in all cities]",
					"[+1 Happiness] from every [Town Hall]",
					"[+10]% growth [in all cities]"
				],
				"row": 1,
				"column": 2
			},
			{
				"name": "Protected Speech",
				"uniques": [
					"[+1 Culture] per [3] population [in all cities]",
					"[+1 Culture] from every [Town Hall]",
					"[+10]% growth [in all cities]"
				],
				"row": 1,
				"column": 5
			},
			{
				"name": "Public Good",
				"uniques": [
					"[+2 Gold] from every [Hospital]",
					"[-33]% maintenance on road & railroads",
					"[+20]% growth [in all cities]"
				],
				"requires": ["Civil Society"],
				"row": 2,
				"column": 1
			},
			{
				"name": "Legislative Process",
				"uniques": [
					"[+25]% [Culture] from every [Congress]",
					"[+1 Happiness] per [5] population [in all cities]",
					"[Great Administrator] is earned [25]% faster"
				],
				"requires": ["Civil Society", "Protected Speech"],
				"row": 2,
				"column": 3
			},
			{
				"name": "Voting Rights",
				"uniques": [
					"[50]% of excess happiness converted to [Culture]",
					"[-1 Happiness] from every [Work Camp]",
					"[-25]% Strength <for [All] units> <when fighting in [Foreign Land] tiles> <when below [0] Happiness>"
				],
				"requires": ["Protected Speech"],
				"row": 2,
				"column": 5
			},
			{
				"name": "Constitution Complete",
				"uniques": [
					"[+100]% Yield from every [Great Improvement]",
					"Free Social Policy"
				]
			}
		]
	},
	{
		"name": "Supremacy",
		"era": "Neofeudal era",
		"priorities": {
			"Neutral": 20,
			"Cultural": 0,
			"Diplomatic": 20,
			"Domination": 20,
			"Scientific": 0
		},
		"uniques": [
			"Upon capturing a city, receive [10] times its [Culture] production as [Culture] immediately",
			"[{non-[Air]} {Military}] units gain the [Water Raid II] promotion",
			"Only available <before adopting [Constitution]>"
		],
		"policies": [
			{
				"name": "Militarism",
				"uniques": ["[Gold] cost of purchasing [All] units [-33]%"],
				"row": 1,
				"column": 1
			},
			{
				"name": "Scorched Earth",
				"uniques": [
					"[+15]% Strength <vs cities>",
					"Cities are razed [2] times as fast",
					"No movement cost to pillage <for [Melee] units>",
					"[+2] Movement <for [Great General] units>"
				],
				"row": 1,
				"column": 5
			},
			{
				"name": "Police State",
				"uniques": [
					"[+1 Happiness] from every [Town Hall]",
					"[+1 Happiness] from every [Listening Post]",
					"[+3 Happiness, +3 Production] from every [Prison Camp]",
					"[-3 Food] [in annexed cities]",
					"[-3 Food] [in puppeted cities]"
				],
				"requires": ["Scorched Earth", "Militarism"],
				"row": 2,
				"column": 3
			},
			{
				"name": "Total War",
				"uniques": [
					"[+15]% Production when constructing [Military] units [in all cities]",
					"New [Military] units start with [15] Experience [in all cities]"
				],
				"requires": ["Scorched Earth"],
				"row": 2,
				"column": 5
			},
			{
				"name": "Spoils of War",
				"uniques": [
					"Double quantity of [Weapons] produced",
					"Earn [33]% of the damage done to [City] units as [Gold]",
					"Earn [10]% of killed [Military] unit's [Cost] as [Gold]"
				],
				"requires": ["Police State"],
				"row": 3,
				"column": 3
			},
			{
				"name": "Supremacy Complete",
				"uniques": [
					"[+25]% Strength <when attacking> <for [Military] units> <for [50] turns>"
				]
			}
		]
	},
	{
		"name": "Monopoly",
		"era": "Neofeudal era",
		"priorities": {
			"Neutral": 20,
			"Cultural": 20,
			"Diplomatic": 20,
			"Domination": 20,
			"Scientific": 20
		},
		"uniques": [
			"[Great Merchant] is earned [20]% faster",
			"[+33]% [Gold] from every [Council]",
			"Only available <before adopting [Collectivism]>"
		],
		"policies": [
			{
				"name": "Mass Consumption",
				"uniques": [
					"[+50]% Happiness from luxury resources gifted by City-States",
					"[+1] Happiness from each type of luxury resource",
					"[+3 Gold, -1 Production] from every [Factory]"
				],
				"row": 1,
				"column": 1
			},
			{
				"name": "Venture Capital",
				"uniques": [
					"Gifts of Gold to City-States generate [25]% more Influence",
					"[Gold] cost of purchasing items in cities [-20]%",
					"[+100]% Gold from Great Merchant trade missions"
				],
				"row": 1,
				"column": 3
			},
			{
				"name": "Privatization",
				"uniques": [
					"[-50]% maintenance on road & railroads",
					"[Personnel] units gain the [Hazard Pay] promotion",
					"[+2 Gold] from every [Hospital]",
					"[+2 Gold, -1 Production] from every [Factory]",
					"[+2 Gold, -1 Science] from every [Public School]"
				],
				"requires": ["Venture Capital"],
				"row": 2,
				"column": 2
			},
			{
				"name": "Entrepreneurship",
				"uniques": [
					"[Great Merchant] is earned [20]% faster",
					"[+1 Science] from every [Market]",
					"[+1 Science] from every [Factory]",
					"[+1 Science] from every [Water Storage]"
				],
				"requires": ["Venture Capital"],
				"row": 2,
				"column": 4
			},
			{
				"name": "Corporate Personhood",
				"uniques": [
					"[-33]% maintenance costs <for [All] units>",
					"[+1 Gold] from every [Strategic resource]",
					"[+2 Gold] from every [Factory]"
				],
				"requires": ["Privatization"],
				"row": 3,
				"column": 2
			},
			{
				"name": "Monopoly Complete",
				"uniques": [
					"[-50]% Gold cost of acquiring tiles [in all cities]",
					"[-15]% maintenance cost for buildings [in all cities]",
					"[+2 Gold, -1 Production] from every [Work Camp]"
				]
			}
		]
	},
	{
		"name": "Collectivism",
		"era": "Neofeudal era",
		"priorities": {
			"Neutral": 20,
			"Cultural": 20,
			"Diplomatic": 0,
			"Domination": 20,
			"Scientific": 20
		},
		"uniques": [
			"[Great Engineer] is earned [25]% faster",
			"[+5]% [Production] [in all cities]",
			"Only available <before adopting [Monopoly]>"
		],
		"policies": [
			{
				"name": "Re-Education",
				"uniques": [
					"[-1 Culture] [in all cities]",
					"[+1 Happiness, +1 Science] from every [Library]",
					"[+1 Happiness, +1 Science] from every [Listening Post]",
					"[+1 Happiness, +1 Science] from every [Prison Camp]"
				],
				"row": 1,
				"column": 1
			},
			{
				"name": "Nationalization",
				"uniques": [
					"[+25]% [Science] from every [Factory]",
					"[+100]% Production when constructing [Factory] buildings [in all cities]"
				],
				"row": 1,
				"column": 3
			},
			{
				"name": "Political Officers",
				"uniques": [
					"[+15]% Strength <for [All] units> <when fighting in [Friendly Land] tiles>",
					"[+33]% Strength for cities <when defending>"
				],
				"row": 1,
				"column": 5
			},
			{
				"name": "Shared Vision",
				"requires": ["Nationalization"],
				"uniques": [
					"[-15]% maintenance cost for buildings [in all cities]",
					"[+1 Production] from every specialist [in all cities]",
					"[+10]% [Production] from every [Congress]"
				],
				"row": 2,
				"column": 3
			},
			{
				"name": "Workers' Union",
				"requires": ["Shared Vision"],
				"uniques": [
					"[+2 Production] [in all cities]",
					"[+1 Production] from every [Mine]",
					"[+1 Production] from every [Borehole]",
					"[+1 Production] from every [Manufactory]"
				],
				"row": 3,
				"column": 3
			},
			{
				"name": "Collectivism Complete",
				"uniques": [
					"[+2 Food, +2 Production, +1 Gold] [in all cities]"
				]
			}
		]
	}
]
