[
	{
		"name": "discover cultural artifacts",
		"notification": "We have discovered cultural artifacts in the camp! (+[cultureAmount] culture)",
		"uniques": ["Gain [20]-[30] [Culture]"]
	},
	{
		"name": "squatters willing to work for you",
		"notification": "A [Worker] has joined us!",
		"uniques": ["Free [Worker] found in the ruins"],
		"excludedDifficulties": [
			"Prince",
			"King",
			"Emperor",
			"Immortal",
			"Deity"
		]
	},
	{
		"name": "squatters wishing to settle under your rule",
		"notification": "A [Civilian Convoy] has joined us!",
		"uniques": ["Free [Civilian Convoy] found in the ruins"],
		"excludedDifficulties": [
			"Warlord",
			"Prince",
			"King",
			"Emperor",
			"Immortal",
			"Deity"
		]
	},
	{
		"name": "your exploring unit receives training",
		"notification": "The survivors trained us in their ways of combat!",
		"uniques": ["[This Unit] gains [10] XP"]
	},
	{
		"name": "survivors (adds population to a city)",
		"notification": "We have found survivors in the camp! Population added to [cityName].",
		"uniques": ["[+1] population in a random city"]
	},
	{
		"name": "a stash of scrip",
		"notification": "We have found a stash of [goldAmount] scrip in the camp!",
		"uniques": ["Gain [50]-[100] [Gold]"]
	},
	{
		"name": "discover a lost technology",
		"notification": "We have discovered the lost technology of [techName] in the camp!",
		"uniques": [
			"[1] free random researchable Tech(s) from the [Decivilized era]"
		]
	},
	{
		"name": "advanced weaponry for your explorer",
		"notification": "Our unit finds advanced weaponry hidden in the camp!",
		"uniques": ["[This Unit] upgrades for free including special upgrades"]
	},
	{
		"name": "reveal nearby Barbarian camps",
		"notification": "You find evidence of Barbarian activity. Nearby Barbarian camps are revealed!",
		"uniques": [
			"Reveal up to [All] [Barbarian encampment] within a [10] tile radius"
		]
	},
	{
		"name": "find a crudely-drawn map",
		"notification": "The camp contains maps of the nearby area!",
		"uniques": [
			"From a randomly chosen tile [4] tiles away from the ruins, reveal tiles up to [4] tiles away with [80]% chance"
		]
	},
	{
		"name": "a stash of water",
		"notification": "We have found a stash of potable water in the camp!",
		"uniques": ["Instantly provides [10] [H2O]"]
	}
]
