[
	{
		"name": "Scientist",
		"science": 3,
		"greatPersonPoints": { "Great Scientist": 3 },
		"color": [0, 0, 255]
	},
	{
		"name": "Merchant",
		"gold": 2,
		"greatPersonPoints": { "Great Merchant": 3 },
		"color": [255, 215, 0]
	},
	{
		"name": "Administrator",
		"culture": 2,
		"greatPersonPoints": { "Great Administrator": 3 },
		"color": [160, 32, 240]
	},
	{
		"name": "Engineer",
		"production": 2,
		"greatPersonPoints": { "Great Engineer": 3 },
		"color": [139, 69, 19]
	},
	{
		"name": "Farmer",
		"food": 2,
		"color": [0, 215, 0],
		"greatPersonPoints": { "Great Farmer": 3 }
	},
	{
		"name": "Optimizer",
		"happiness": 2,
		"color": [255, 255, 100],
		"greatPersonPoints": { "Great Optimizer": 3 }
	}
]
