[
	{
		"columnNumber": 0,
		"era": "Decivilized era",
		"techCost": 20,
		"buildingCost": 40,
		"wonderCost": 100,
		"techs": [
			{
				"name": "The Wheel",
				"row": 5,
				"quote": "",
				"uniques": ["Starting tech"]
			}
		]
	},
	{
		"columnNumber": 1,
		"era": "Decivilized era",
		"techCost": 60,
		"buildingCost": 60,
		"wonderCost": 125,
		"techs": [
			{
				"name": "Sailing",
				"row": 1,
				"prerequisites": ["The Wheel"],
				"uniques": ["Enables embarkation for land units"],
				"quote": "'We have command of the sea, my friends, and with that, we have command of everything.' - Deacon Hopper"
			},
			{
				"name": "Redomestication",
				"row": 3,
				"prerequisites": ["The Wheel"],
				"quote": "'Honestly, we're better off using oxen instead of cars.' - Shep Dogskull, Commonwealth rancher"
			},

			{
				"name": "Secrets of the Past",
				"row": 5,
				"prerequisites": ["The Wheel"],
				"quote": "'And the apostates cried, abandon your works, lest all the world be swallowed by the deluge. And many indeed came to follow them. Fools they were to defy the Spark! For did He not promise to never again drown the land? And, in punishment for their hubris, He sent the great flood of fire; and the unbelievers were turned to dust.' - Nathaneal Getty, priest of Ignis"
			},
			{
				"name": "Iron Working",
				"row": 7,
				"prerequisites": ["The Wheel"],
				"quote": "'I know not with what weapons World War III will be fought, but World War IV will be fought with sticks and stones.' - Apocryphal saying"
			},
			{
				"name": "Construction",
				"row": 9,
				"prerequisites": ["The Wheel"],
				"quote": "'In time, we shall make defenses that surpass even the great Aurelian Walls.' - Servius Tullius, Crimson Legion architect"
			}
		]
	},
	{
		"columnNumber": 2,
		"era": "Decivilized era",
		"techCost": 120,
		"buildingCost": 75,
		"wonderCost": 185,
		"techs": [
			{
				"name": "Writing",
				"row": 5,
				"prerequisites": ["Secrets of the Past"],
				"quote": "'And the things which shall be written out of the book shall be of great worth unto the children of men...' - Deseret Nation manuscript, undated"
			},
			{
				"name": "Machinery",
				"row": 7,
				"prerequisites": ["Iron Working"],
				"uniques": ["Improves movement speed on roads"],
				"quote": "'Machines aren't naturally evil. It's humans who make them that way.' - Lucca Horii, child of Rust"
			},
			{
				"name": "Mining",
				"row": 9,
				"prerequisites": ["Construction"],
				"quote": "'Curses on you, cruel uranium! Curses on the power you give!' - Rune IX, Origin of Uranium"
			},
			{
				"name": "Trade",
				"row": 10,
				"prerequisites": ["Construction"],
				"uniques": ["Enables Open Borders agreements"],
				"quote": "'I know that all of us here have earned our places beyond doubt. But we are not safe, even here, and we cannot afford to stand still. I need your support today. I was appointed to this position not to sit behind a desk, but to fix problems, and that is what I intend to do...' - John Kruger"
			}
		]
	},
	{
		"columnNumber": 3,
		"era": "Rediscovering era",
		"techCost": 250,
		"buildingCost": 100,
		"wonderCost": 250,
		"techs": [
			{
				"name": "Navigation",
				"row": 1,
				"prerequisites": ["Writing", "Sailing"],
				"uniques": [
					"[+1] Movement <for [Embarked] units>",
					"Enables [Embarked] units to enter ocean tiles"
				],
				"quote": "'When you have no landmarks to navigate by, you have to get creative.' - Captain Ray Decca"
			},
			{
				"name": "Botany",
				"row": 3,
				"prerequisites": ["Redomestication", "Writing"],
				"quote": "'Be at peace in the knowledge that all the neoliberals will die with the biosphere.' - Eric Price"
			},

			{
				"name": "Chemistry",
				"row": 6,
				"prerequisites": ["Writing"],
				"quote": "For the days of my life have vanished like smoke, and my bones are grown dry like fuel for the fire."
			},

			{
				"name": "Engineering",
				"row": 8,
				"prerequisites": ["Mining", "Machinery"],
				"uniques": ["Roads connect tiles across rivers"],
				"quote": "History doesn't repeat itself but it often rhymes."
			}
		]
	},
	{
		"columnNumber": 4,
		"era": "Rediscovering era",
		"techCost": 425,
		"buildingCost": 120,
		"wonderCost": 300,
		"techs": [
			{
				"name": "Education",
				"row": 4,
				"prerequisites": ["Writing"],
				"uniques": ["Enables Research agreements"],
				"quote": "Hereby it is manifest that during the time men live without a common Power to keep them all in awe, they are in that condition which is called War; and such a war as is of every man against every man."
			},

			{
				"name": "Steel",
				"row": 8,
				"prerequisites": ["Chemistry", "Engineering"],
				"quote": "The old men are all dead. It is the young men who say yes or no."
			},
			{
				"name": "Currency",
				"row": 10,
				"prerequisites": ["Chemistry", "Trade", "Engineering"],
				"quote": "The ancient emperor Covfefe had such a fortune of pure water, he would wash his toilet with it.",
				"uniques": ["Enables conversion of city production to [Gold]"]
			}
		]
	},
	{
		"columnNumber": 5,
		"era": "Neofeudal era",
		"techCost": 650,
		"buildingCost": 160,
		"wonderCost": 400,
		"techs": [
			{
				"name": "Oceanography",
				"row": 1,
				"prerequisites": ["Navigation", "Education"],
				"quote": "Why did the old Persians hold the sea holy? Why did the Greeks give it a separate deity, and own brother of Jove? Surely all this is not without meaning."
			},
			{
				"name": "Ecology",
				"row": 3,
				"prerequisites": ["Education", "Botany"],
				"uniques": [
					"[+1 Food] from every [Wasteland] <with [1] to [6] neighboring [Lakes] tiles>",
					"[+1 Food] from every [Badlands] <with [1] to [6] neighboring [Lakes] tiles>"
				],
				"quote": "Modern industrial farming is largely a strategy for turning fossil fuels into food."
			},
			{
				"name": "Biology",
				"row": 5,
				"prerequisites": ["Chemistry", "Education"],
				"uniques": ["[+10]% growth [in all cities]"],
				"quote": "If the brain were so simple we could understand it, we would be so simple we couldn't."
			},
			{
				"name": "Steam Power",
				"row": 7,
				"prerequisites": ["Steel"],
				"uniques": ["[+1] Movement <for [Embarked] units>"],
				"quote": "Is it a fact - or have I dreamt it - that, by means of electricity, the world of matter has become a great nerve, vibrating thousands of miles in a breathless point of time?"
			},
			{
				"name": "Civil Service",
				"row": 10,
				"prerequisites": ["Currency"],
				"uniques": ["Enables Defensive Pacts"],
				"quote": "They are casting their problems on society. And, you know, there is no such thing as society."
			}
		]
	},
	{
		"columnNumber": 6,
		"era": "Neofeudal era",
		"techCost": 1000,
		"buildingCost": 200,
		"wonderCost": 500,
		"techs": [
			{
				"name": "Decontamination",
				"row": 3,
				"prerequisites": ["Biology", "Ecology"],
				"quote": "A society grows great when old men plant trees under whose shade they will never sit."
			},
			{
				"name": "Refrigeration",
				"row": 5,
				"prerequisites": ["Biology", "Steam Power"],
				"quote": "And homeless near a thousand homes I stood, and near a thousand tables pined and wanted food."
			},

			{
				"name": "Manufacturing",
				"row": 7,
				"prerequisites": ["Steam Power"],
				"quote": "Manufacturing based on machinery, already referred to as a characteristic of our age, is but one aspect of the revolution that is being wrought by technology."
			},
			{
				"name": "Rifling",
				"row": 8,
				"prerequisites": ["Steel"],
				"quote": "There is no struggle for life but, rather, life is lived for struggle. Thus, pacifism is trafficking with the enemy."
			},
			{
				"name": "Radio",
				"row": 10,
				"prerequisites": ["Civil Service", "Steam Power"],
				"quote": "Has the last word been said? Must hope disappear? Is defeat final? No! Believe me, I speak to you with full knowledge of the facts and tell you that nothing is lost."
			}
		]
	},
	{
		"columnNumber": 7,
		"era": "Rebuilding era",
		"techCost": 1300,
		"buildingCost": 250,
		"wonderCost": 625,
		"techs": [
			{
				"name": "Desalination",
				"row": 1,
				"prerequisites": ["Decontamination", "Oceanography"],
				"quote": "Record the start and finish times of the lights and appliances when you are finished in your logbook. If your role involves access to running water, you must record the meter readings before and after use. Failure to do so will lead to disciplinary action.\n\nRemember -\nEVERY DROP COSTS"
			},
			{
				"name": "Laboratory",
				"row": 3,
				"uniques": ["Enables conversion of city production to [Science]"],
				"prerequisites": ["Decontamination", "Refrigeration"],
				"quote": "There is a plague on Man: his opinion that he knows something."
			},

			{
				"name": "Electronics",
				"row": 6,
				"prerequisites": ["Manufacturing"],
				"quote": "LIST COG SITES\nContacting nodes:\nARCHANGEL... OFFLINE;\nMAYFLOWER... OFFLINE;\nELYSIUM... OFFLINE;\nOLYMPUS... ONLINE;\n\n\nCONNECTING...\n\nUNAUTHORISED ACCESS LOGGED\n\nCONNECTION TERMINATED"
			},
			{
				"name": "Replaceable Parts",
				"row": 7,
				"prerequisites": ["Manufacturing", "Rifling"],
				"quote": "Nothing is particularly hard if you divide it into small jobs."
			},
			{
				"name": "Munitions",
				"row": 8,
				"prerequisites": ["Rifling"],
				"quote": "As soon as men decide that all means are permitted to fight an evil, then their good becomes indistinguishable from the evil that they set out to destroy."
			},
			{
				"name": "Railroads",
				"row": 9,
				"prerequisites": ["Manufacturing"],
				"quote": "Iron and heat are, as we know, the supporters, the bases, of the mechanic arts."
			}
		]
	},
	{
		"columnNumber": 8,
		"era": "Rebuilding era",
		"techCost": 2000,
		"buildingCost": 300,
		"wonderCost": 750,
		"techs": [
			{
				"name": "Hydroponics",
				"row": 2,
				"prerequisites": ["Laboratory"],
				"quote": "Thank you. I assure you, I am well aware of the contents of the latest report.\n\nWhat choice is it you think we have? The time for caution is long past. We can only work with the greatest urgency in the hope that we may realize a technological solution. Anything less can lead only to failure, my friends."
			},
			{
				"name": "Plastics",
				"row": 5,
				"prerequisites": ["Replaceable Parts", "Laboratory"],
				"quote": "Ben, I want to say one word to you, just one word: plastics."
			},
			{
				"name": "Flight",
				"row": 7,
				"prerequisites": ["Electronics", "Replaceable Parts"],
				"quote": "Aeronautics was neither an industry nor a science. It was a miracle."
			},
			{
				"name": "Ballistics",
				"row": 8,
				"prerequisites": ["Munitions", "Replaceable Parts"],
				"quote": "Our goal is not the victory of might, but the vindication of right; not peace at the expense of freedom, but both peace and freedom, here in this hemisphere, and, we hope, around the world.\n\nGod willing, that goal will be achieved."
			}
		]
	},
	{
		"columnNumber": 9,
		"era": "Industrial era",
		"techCost": 2750,
		"buildingCost": 360,
		"wonderCost": 920,
		"techs": [
			{
				"name": "Land Remediation",
				"row": 2,
				"prerequisites": ["Hydroponics"],
				"quote": "The nation that destroys its soil destroys itself."
			},
			{
				"name": "Computers",
				"row": 4,
				"prerequisites": ["Plastics"],
				"uniques": [
					"[+10]% [Science] [in all cities]",
					"[+10]% [Production] [in all cities]"
				],
				"quote": "This has been a challenging quarter with falls in demand from states and agencies. Blackwarden Associates has recalibrated its operations across geographies, moving away from security and relief operations in Asia and divesting from the radiological remediation sector. By focusing on core domestic operations for private sector clients, we have successfully generated free cashflows despite adverse market conditions."
			},

			{
				"name": "Gyroscopes",
				"row": 7,
				"prerequisites": ["Flight", "Ballistics"],
				"quote": "Things may be the same again; and we must fight\nNot in the hope of winning but rather of keeping\nSomething alive: so that when we meet our end,\nIt may be said that we tackled wherever we could,\nThat battle-fit we lived, and though defeated,\nNot without glory fought."
			},

			{
				"name": "Combined Arms",
				"row": 8,
				"prerequisites": ["Ballistics", "Railroads"],
				"quote": "The root of the evil is not the construction of new, more dreadful weapons. It is the spirit of conquest."
			},
			{
				"name": "Radar",
				"row": 10,
				"prerequisites": ["Radio"],
				"quote": "'Talent hits a target no one else can hit; Genius hits a target no one else can see.'"
			}
		]	
	},
	{
		"columnNumber": 10,
		"era": "Industrial era",
		"techCost": 3500,
		"buildingCost": 500,
		"wonderCost": 1060,
		"techs": [
			{
				"name": "Networking",
				"row": 4,
				"prerequisites": ["Computers"],
				"quote": "In a real sense, the empires of old collapsed under their own weight; vast hierarchies of bureacrats, functionaries with no function, leaders without legitimacy. They could not adapt, not even to save themselves. From their ashes, we are building a new State; lean, strong, and vital."
			},
			{
				"name": "Avionics",
				"row": 6,
				"prerequisites": ["Radar", "Gyroscopes", "Computers"],
				"quote": "In the end, that's what this election is about. Do we participate in a politics of cynicism, or do we participate in a politics of hope?"
			}
		]
	},
	{
		"columnNumber": 11,
		"era": "Postmodern era",
		"techCost": 4750,
		"buildingCost": 500,
		"wonderCost": 1250,
		"techs": [
			{
				"name": "Ocean Remediation",
				"row": 1,
				"prerequisites": ["Desalination", "Land Remediation"],
				"quote": "Only within the moment of time represented by the present century has one species, man, acquired significant power to alter the nature of his world."
			},
			{
				"name": "Decryption",
				"row": 4,
				"prerequisites": ["Networking"],
				"quote": "The accounts are encrypted with a 1024-bit cipher. Even I can't break through the firewall without a power glove."
			},
			{
				"name": "Rocketry",
				"row": 7,
				"prerequisites": ["Gyroscopes"],
				"quote": "A good rule for rocket experimenters to follow is this: always assume that it will explode."
			},
			{
				"name": "Social Engineering",
				"row": 10,
				"prerequisites": ["Radar", "Networking"],
				"quote": "Anyone who believes exponential growth can go on forever in a finite world is either a madman or an economist."
			}
		]
	},
	{
		"columnNumber": 12,
		"era": "Postmodern era",
		"techCost": 5750,
		"buildingCost": 500,
		"wonderCost": 1250,
		"techs": [
			{
				"name": "Genetics",
				"row": 2,
				"prerequisites": ["Decryption"],
				"quote": "Each of the original messages contains a silver of wisdom, and whenever they seem to say different or incompatible things it is only because all are alluding, allegorically, to the same primeval truth.\n \nAs a consequence, there can be no advancement of learning. Truth has been already spelled out once and for all, and we can only keep interpreting its obscure message..."
			},
			{
				"name": "Pharmaceuticals",
				"row": 3,
				"prerequisites": ["Decryption"],
				"quote": "In nothing do men more nearly approach the gods than in giving health to men."
			},
			{
				"name": "Nuclear Fission",
				"row": 4,
				"prerequisites": ["Decryption"],
				"quote": "I am become Death, the destroyer of worlds."
			},
			{
				"name": "Lasers",
				"row": 6,
				"prerequisites": ["Avionics", "Rocketry", "Decryption"],
				"quote": "The night is far spent, the day is at hand: let us therefore cast off the works of darkness, and let us put on the armor of light."
			},

			{
				"name": "Satellites",
				"row": 7,
				"prerequisites": ["Rocketry"],
				"uniques": ["[+4] Range <for [Missile] units>"],
				"quote": "And for the first time, I opened my eyes. And saw the entire world before me."
			}
		]
	},
	{
		"columnNumber": 13,
		"era": "Information era",
		"techCost": 7250,
		"buildingCost": 500,
		"wonderCost": 1250,
		"techs": [
			{
				"name": "Human Genome",
				"row": 2,
				"prerequisites": ["Genetics", "Pharmaceuticals"],
				"quote": "Humanity should study the foundations of heredity. But this will be possible only when science is liberated from superstition and limitation."
			},
			{
				"name": "Plastics Recycling",
				"row": 3,
				"prerequisites": ["Lasers"],
				"quote": "... Could be the only reason the earth allowed us to be spawned from it in the first place. It wanted plastic for itself. Didn't know how to make it. Needed us."
			},
			{
				"name": "Advanced Materials",
				"row": 8,
				"prerequisites": ["Combined Arms"],
				"quote": "Bunkers were spaces of exception, where democratic states could morph into autocracies in times of war by making the decision to sacrifice the polis from this space of protection."
			},
			{
				"name": "Incentivization",
				"row": 10,
				"prerequisites": ["Social Engineering", "Satellites"],
				"quote": "This is where we are tonight, everybody under surveillance by a satellite\nYou can be the first one on your block to die"
			}
		]
	},
	{
		"columnNumber": 14,
		"era": "Information era",
		"techCost": 10000,
		"buildingCost": 750,
		"wonderCost": 2000,
		"techs": [
			{
				"name": "Particle Physics",
				"row": 4,
				"prerequisites": ["Lasers", "Nuclear Fission"],
				"quote": "'Every man takes the limits of his own field of vision and confuses them for the limits of the world.'"
			},
			{
				"name": "Energy Weapons",
				"row": 6,
				"prerequisites": ["Lasers", "Advanced Materials"],
				"quote": "I believe that man will not merely endure: he will prevail. He is immortal, not because he alone among creatures has an inexhaustible voice, but because he has a soul, a spirit capable of compassion and sacrifice and endurance."
			},
			{
				"name": "Robotics",
				"row": 7,
				"prerequisites": ["Lasers", "Satellites"],
				"quote": "'Governor, our first generation of Operational Robots are active, their efficiency rate is 125%.'"
			}
		]
	},
	{
		"columnNumber": 15,
		"era": "New Future era",
		"techCost": 17500,
		"buildingCost": 750,
		"wonderCost": 2000,
		"techs": [
			{
				"name": "Atmosphere Remediation",
				"row": 1,
				"prerequisites": ["Plastics Recycling", "Ocean Remediation"],
				"quote": "All analysed pathways limiting warming to 1.5°C with no or limited overshoot use CO2 removal to some extent to neutralize emissions."
			},
			{
				"name": "Artificial Intelligence",
				"row": 6,
				"prerequisites": ["Robotics"],
				"quote": "This is only a foretaste of what is to come, and only the shadow of what is going to be."
			},

			{
				"name": "Future Materials",
				"row": 8,
				"prerequisites": ["Advanced Materials"],
				"quote": "You ask, what is our aim? I can answer in one word. It is victory. Victory at all costs - Victory in spite of all terrors - Victory, however long and hard the road may be, for without victory there is no survival."
			}
		]
	},

	{
		"columnNumber": 16,
		"era": "New Future era",
		"techCost": 25000,
		"buildingCost": 750,
		"wonderCost": 2000,
		"techs": [
			{
				"name": "Geo Engineering",
				"row": 2,
				"prerequisites": ["Atmosphere Remediation"],
				"quote": "It always seems impossible until it's done."
			},
			{
				"name": "Future Power",
				"row": 4,
				"prerequisites": ["Particle Physics","Artificial Intelligence","Energy Weapons"],
				"quote": "All the towers of ivory are crumbling, and the swallows have sharpened their beaks..."
			},
			{
				"name": "Globalization",
				"row": 10,
				"prerequisites": ["Incentivization"],
				"quote": "'All truth passes through three stages. First, it is ridiculed. Second, it is violently opposed. Third, it is accepted as being self-evident.'"
			}
		]
	},
	{
		"columnNumber": 17,
		"era": "Singularity era",
		"techCost": 35000,
		"buildingCost": 750,
		"wonderCost": 2000,
		"techs": [
			{
				"name": "Future Tech",
				"row": 5,
				"prerequisites": [
					"Geo Engineering",
					"Future Power",
					"Future Materials",
					"Human Genome",
					"Globalization"
				],
				"uniques": [
					"Can be continually researched"
				],
				"quote": "I think we agree, the past is over."
			}
		]
	}
]
