[
	// Bonus resources
	{
		"name": "Grain",
		"resourceType": "Bonus",
		"terrainsCanBeFoundOn": ["Badlands", "Swamp", "Desert"],
		"food": 1,
		"improvedBy": ["Farm", "Aquaponic farm"],
		"improvementStats": { "food": 1 },
		"uniques": [
			"Generated on every [27] tiles <in [Badlands] tiles>",
			"Generated on every [10] tiles <in [Desert] tiles> <in tiles without [Hill]>",
			"Generated on every [20] tiles <in [Badlands] tiles> <in [Hill] Regions>",
			"Generated on every [20] tiles <in [Desert] tiles> <in tiles without [Hill]> <in [Hill] Regions>"
		]
	},
	{
		"name": "Algae",
		"resourceType": "Bonus",
		"terrainsCanBeFoundOn": ["Coast","Ocean"],
		"food": 1,
		"improvedBy": ["Fishing Boats", "Bioculture"],
		"improvementStats": { "food": 1 },
		"uniques": [
			"Generated on every [10] tiles <in [{Featureless} {Coast}] tiles>",
			"Generated on every [33] tiles <in [{Featureless} {Ocean}] tiles> <with [1] to [6] neighboring [Coast] tiles>"
		]
	},
	{
		"name": "Plankton",
		"resourceType": "Bonus",
		"terrainsCanBeFoundOn": ["Coast","Ocean"],
		"food": 1,
		"improvedBy": ["Fishing Boats", "Bioculture"],
		"improvementStats": { "food": 1 },
		"uniques": [
			"Generated on every [33] tiles <in [{Featureless} {Ocean}] tiles> <with [1] to [6] neighboring [Coast] tiles>",
			"Generated on every [15] tiles <in [{Featureless} {Coast}] tiles>"
		]
	},
	{
		"name": "Lithium",
		"resourceType": "Bonus",
		"revealedBy": "Oceanography",
		"terrainsCanBeFoundOn": ["Ocean"],
		"production": 1,
		"improvedBy": ["Offshore mine"],
		"improvementStats": { "production": 1 },
		"uniques": [
			"Generated on every [33] tiles <in [{Featureless} {Ocean}] tiles> <with [1] to [6] neighboring [Coast] tiles>"
		]
	},
	{
		"name": "Tubers",
		"resourceType": "Bonus",
		"terrainsCanBeFoundOn": ["Toxic Waste", "Badlands", "Tundra", "Wasteland"],
		"food": 1,
		"revealedBy": "Botany",
		"improvedBy": ["Farm", "Aquaponic farm"],
		"improvementStats": { "food": 1 },
		"uniques": [
			"Generated on every [12] tiles <in [{Featureless} {Tundra}] tiles>",
			"Generated on every [25] tiles <in [{Featureless} {Badlands}] tiles> <in tiles without [Hill]>",
			"Generated on every [25] tiles <in [{Featureless} {Wasteland}] tiles> <in tiles without [Hill]>",
			"Generated on every [16] tiles <in [{Featureless} {Tundra}] tiles> <in [Hill] Regions>"
		]
	},

	{
		"name": "Scrap",
		"resourceType": "Bonus",
		"terrainsCanBeFoundOn": [
			"Jungle",
			"Forest",
			"Desert",
			"Permafrost",
			"Toxic Waste",
			"Badlands",
			"Tundra",
			"Wasteland",
			"Swamp"
		],
		"production": 1,
		"improvedBy": ["Salvage site", "Borough"],
		"improvementStats": { "production": 1 },
		"uniques": [
			"Generated on every [12] tiles <in [{Featureless} {Tundra}] tiles>",
			"Generated on every [25] tiles <in [Badlands] tiles> <in tiles without [Hill]>",
			"Generated on every [25] tiles <in [Wasteland] tiles> <in tiles without [Hill]>",
			"Generated on every [16] tiles <in [Tundra] tiles> <in tiles without [Hill]>",
			"Generated on every [16] tiles <in [Permafrost] tiles> <in tiles without [Hill]>"
		]
	},
	{
		"name": "Metal", //it comes from HELL
		"resourceType": "Bonus",
		"terrainsCanBeFoundOn": [
			"Desert",
			"Permafrost",
			"Badlands",
			"Tundra",
			"Wasteland",
			"Hill",
			"Swamp"
		],
		"production": 1,
		"improvedBy": ["Mine", "Borehole"],
		"improvementStats": { "production": 1 },
		"uniques": [
			"Generated on every [20] tiles <in [{Featureless} {Wasteland}] tiles>",
			"Generated on every [20] tiles <in [{Featureless} {Badlands}] tiles>",
			"Generated on every [20] tiles <in [{Featureless} {Tundra}] tiles>",
			"Generated on every [20] tiles <in [{Featureless} {Desert}] tiles>",
			"Generated on every [20] tiles <in [{Featureless} {Permafrost}] tiles>",
			"Generated on every [13] tiles <in [Hill] tiles> <in tiles without [Forest]> <in tiles without [Jungle]>",
			"Generated on every [10] tiles <in [Hill] tiles> <in tiles without [Forest]> <in tiles without [Jungle]> <in tiles without [Fresh Water]> <in [Hill] Regions>"
		]
	},
	{
		"name": "Insects",
		"resourceType": "Bonus",
		"terrainsCanBeFoundOn": [
			"Jungle",
			"Forest",
			"Toxic Waste",
			"Fallout",
			"Swamp"
		],
		"food": 1,
		"improvedBy": ["Camp", "Bioculture"],
		"improvementStats": { "food": 1 },
		"uniques": [
			"Generated on every [14] tiles <in [Jungle] tiles>",
			"Generated on every [16] tiles <in [Jungle] tiles> <in [Hill] Regions>",
			"Generated on every [14] tiles <in [Forest] tiles>",
			"Generated on every [16] tiles <in [Forest] tiles> <in [Hill] Regions>",
			"Generated on every [9] tiles <in [Toxic Waste] tiles>",
			"Generated on every [14] tiles <in [Fallout] tiles>"
		]
	},
	{
		"name": "Plastics",
		"resourceType": "Bonus",
		"terrainsCanBeFoundOn": [
			"Jungle",
			"Forest",
			"Desert",
			"Permafrost",
			"Toxic Waste",
			"Badlands",
			"Tundra",
			"Hill",
			"Wasteland",
			"Coast",
			"Ocean",
			"Swamp"
		],
		"production": 1,
		"improvedBy": ["Salvage site", "Borough", "Modular island"],
		"improvementStats": { "production": 1 },
		"uniques": [
			"Generated on every [20] tiles <in [{Featureless} {Coast}] tiles>",
			"Generated on every [23] tiles <in [{Featureless} {Ocean}] tiles> <with [1] to [6] neighboring [Coast] tiles>",
			"Generated on every [20] tiles <in [Wasteland] tiles>",
			"Generated on every [20] tiles <in [Badlands] tiles>",
			"Generated on every [20] tiles <in [Tundra] tiles>",
			"Generated on every [20] tiles <in [Desert] tiles>",
			"Generated on every [20] tiles <in [Permafrost] tiles>"
		]
	},
	{
		"name": "Horses",
		"resourceType": "Bonus",
		"terrainsCanBeFoundOn": ["Badlands"],
		"food": 1,
		"improvedBy": ["Pasture", "Bioculture"],
		"improvementStats": { "production": 2 },
		"uniques": [
			"Generated on every [18] tiles <in [{Featureless} {Badlands}] tiles>",
			"Generated on every [22] tiles <in [{Featureless} {Badlands}] tiles> <in [Hill] Regions>"
		]
	},

	// Strategic resources

	{
		"name": "H2O",
		"resourceType": "Strategic",
		"revealedBy": "Decontamination",
		"terrainsCanBeFoundOn": [
			"Desert",
			"Badlands",
			"Wasteland",
			"Tundra",
			"Toxic Waste",
			"Permafrost"
		],
		"food": 1,
		"improvement": "Water pump",
		"improvementStats": { "gold": 1, "food": 1 },
		"majorDepositAmount": { "sparse": 2, "default": 3, "abundant": 4 },
		"minorDepositAmount": { "sparse": 1, "default": 2, "abundant": 3 },
		"uniques": [
			"Stockpiled",
			"Guaranteed with Strategic Balance resource option",
			"Generated with weight [65] <in [Toxic Waste] tiles> <in tiles without [Hill]>",
			"Generated with weight [40] <in [{Featureless} {Tundra}] tiles>",
			"Generated with weight [60] <in [{Featureless} {Permafrost}] tiles>",
			"Generated with weight [65] <in [{Featureless} {Desert}] tiles>",
			"Generated with weight [40] <in [{Featureless} {Badlands}] tiles>",
			"Generated with weight [65] <in [{Featureless} {Wasteland}] tiles>",
			"Minor deposits generated with weight [20] <in [Toxic Waste] tiles> <in tiles without [Hill]>",
			"Minor deposits generated with weight [10] <in [{Featureless} {Desert}] tiles>",
			"Minor deposits generated with weight [20] <in [{Featureless} {Tundra}] tiles>",
			"Minor deposits generated with weight [10] <in [{Featureless} {Permafrost}] tiles>",
			"Minor deposits generated with weight [20] <in [{Featureless} {Badlands}] tiles>",
			"Minor deposits generated with weight [20] <in [{Featureless} {Wasteland}] tiles>"
		]
	},

	{
		"name": "Power",
		"resourceType": "Strategic",
		"revealedBy": "Writing",
		"improvement": "Wind farm",
		"improvementStats": { "production": 1 },
		"terrainsCanBeFoundOn": [
			"Hill",
			"Badlands"
		],
		"majorDepositAmount": { "sparse": 2, "default": 3, "abundant": 4 },
		"minorDepositAmount": { "sparse": 1, "default": 2, "abundant": 3 },
		"uniques": [
			"Cannot be traded",
			"Guaranteed with Strategic Balance resource option",
			"Generated with weight [40] <in [{Featureless} {Badlands}] tiles>",
			"Generated with weight [39] <in [Hill] tiles>"
		]
	},

	{
		"name": "Oil",
		"resourceType": "Strategic",
		"terrainsCanBeFoundOn": [
			"Desert",
			"Tundra",
			"Permafrost",
			"Coast",
			"Ocean",
			"Swamp"
		],
		"production": 1,
		"improvement": "Oil well",
		"improvementStats": { "production": 1 },
		"majorDepositAmount": { "sparse": 2, "default": 3, "abundant": 4 },
		"minorDepositAmount": { "sparse": 1, "default": 2, "abundant": 3 },
		"uniques": [
			"Deposits in [Coast] tiles always provide [2] resources",
			"Deposits in [Ocean] tiles always provide [2] resources",
			"Guaranteed with Strategic Balance resource option",
			"Generated with weight [65] <in [Toxic Waste] tiles> <in tiles without [Hill]>",
			"Generated with weight [40] <in [{Featureless} {Tundra}] tiles>",
			"Generated with weight [60] <in [{Featureless} {Permafrost}] tiles>",
			"Generated with weight [65] <in [{Featureless} {Desert}] tiles>",
			"Generated with weight [100] <in [{Featureless} {Coast}] tiles>",
			"Generated with weight [10] <in [{Featureless} {Ocean}] tiles>",
			"Minor deposits generated with weight [10] <in [{Featureless} {Desert}] tiles>",
			"Minor deposits generated with weight [20] <in [{Featureless} {Tundra}] tiles>",
			"Minor deposits generated with weight [20] <in [{Featureless} {Permafrost}] tiles>"
		]
	},
	{
		"name": "Slaves",
		"resourceType": "Strategic",
		"production": 1,
		"uniques": [
			"Doesn't generate naturally",
			"Excluded from map editor"
		]
	},

	{
		"name": "Coal",
		"resourceType": "Strategic",
		"revealedBy": "Writing",
		"terrainsCanBeFoundOn": [
			"Wasteland",
			"Badlands",
			"Hill",
			"Swamp",
			"Fissure"
		],
		"production": 1,
		"improvedBy": ["Mine", "Borehole"],
		"improvementStats": { "production": 1 },
		"uniques": [
			"Guaranteed with Strategic Balance resource option",
			"Generated with weight [10] <in [Fissure] tiles>",
			"Generated with weight [35] <in [Hill] tiles>",
			"Generated with weight [30] <in [Wasteland] tiles> <in tiles without [Hill]>",
			"Generated with weight [30] <in [Badlands] tiles> <in tiles without [Hill]>",
			"Minor deposits generated with weight [10] <in [Wasteland] tiles>",
			"Minor deposits generated with weight [10] <in [Badlands] tiles>",
			"Minor deposits generated with weight [20] <in [{Wasteland} {Hill}] tiles>",
			"Minor deposits generated with weight [20] <in [{Badlands} {Hill}] tiles>"
		],
		"majorDepositAmount": { "sparse": 2, "default": 3, "abundant": 4 },
		"minorDepositAmount": { "sparse": 1, "default": 2, "abundant": 3 }
	},
	{
		"name": "Aluminum",
		"resourceType": "Strategic",
		"revealedBy": "Writing",
		"terrainsCanBeFoundOn": [
			"Badlands",
			"Desert",
			"Hill",
			"Fissure"
		],
		"production": 1,
		"improvedBy": ["Mine", "Borehole"],
		"improvementStats": { "production": 1 },
		"uniques": [
			"Guaranteed with Strategic Balance resource option",
			"Generated with weight [15] <in [{Featureless} {Badlands}] tiles>",
			"Generated with weight [15] <in [{Featureless} {Desert}] tiles>",
			"Generated with weight [39] <in [Hill] tiles>",
			"Generated with weight [10] <in [Fissure] tiles>",
			"Minor deposits generated with weight [20] <in [Badlands] tiles>",
			"Minor deposits generated with weight [10] <in [{Featureless} {Desert}] tiles>"
		],
		"majorDepositAmount": { "sparse": 2, "default": 3, "abundant": 4 },
		"minorDepositAmount": { "sparse": 1, "default": 2, "abundant": 3 }
	},
	{
		"name": "Uranium",
		"resourceType": "Strategic",
		"revealedBy": "Writing",
		"terrainsCanBeFoundOn": [
			"Badlands",
			"Desert",
			"Tundra",
			"Hill",
			"Permafrost",
			"Toxic Waste",
			"Wasteland",
			"Swamp",
			"Fissure"
		],
		"production": 1,
		"improvedBy": ["Mine", "Borehole"],
		"improvementStats": { "food": -1, "production": 2 },
		"uniques": [
			"Guaranteed with Strategic Balance resource option",
			"Generated with weight [35] <in [Toxic Waste] tiles> <in tiles without [Hill]>",
			"Generated with weight [70] <in [Badlands] tiles> <in tiles without [Hill]>",
			"Generated with weight [70] <in [Desert] tiles> <in tiles without [Hill]>",
			"Generated with weight [70] <in [Tundra] tiles> <in tiles without [Hill]>",
			"Generated with weight [70] <in [Wasteland] tiles> <in tiles without [Hill]>",
			"Generated with weight [39] <in [Permafrost] tiles> <in tiles without [Hill]>",
			"Generated with weight [70] <in [Hill] tiles>",
			"Generated with weight [10] <in [Fissure] tiles>",
			"Minor deposits generated with weight [20] <in [Hill] tiles>",
			"Minor deposits generated with weight [20] <in [{Featureless} {Tundra}] tiles>",
			"Minor deposits generated with weight [20] <in [{Featureless} {Permafrost}] tiles>"
		],
		"majorDepositAmount": { "sparse": 2, "default": 3, "abundant": 4 },
		"minorDepositAmount": { "sparse": 1, "default": 2, "abundant": 3 }
	},
	{
		"name": "Weapons",
		"resourceType": "Strategic",
		"terrainsCanBeFoundOn": [
			"Jungle",
			"Badlands",
			"Hill",
			"Forest",
			"Wasteland"
		],
		"improvedBy": ["Salvage site", "Borough"],
		"improvementStats": { "culture": 1 },
		"uniques": [
			"Guaranteed with Strategic Balance resource option",
			"Generated with weight [35] <in [Hill] tiles>",
			"Generated with weight [30] <in [Jungle] tiles> <in tiles without [Hill]>",
			"Generated with weight [30] <in [Forest] tiles> <in tiles without [Hill]>",
			"Generated with weight [30] <in [{Featureless} {Badlands}] tiles>",
			"Generated with weight [30] <in [{Featureless} {Wasteland}] tiles>",
			"Minor deposits generated with weight [10] <in [Jungle] tiles>",
			"Minor deposits generated with weight [10] <in [Forest] tiles>",
			"Minor deposits generated with weight [20] <in [{Wasteland} {Hill}] tiles>",
			"Minor deposits generated with weight [20] <in [{Badlands} {Hill}] tiles>"
		],
		"majorDepositAmount": { "sparse": 2, "default": 4, "abundant": 4 },
		"minorDepositAmount": { "sparse": 1, "default": 2, "abundant": 3 }
	},
	{
		"name": "CO2",
		"resourceType": "Strategic",
		"uniques": [
			"Doesn't generate naturally",
			"Cannot be traded",
			"Excluded from map editor",
			"Stockpiled"
		]
	},
	{
		"name": "Pollution",
		"resourceType": "Strategic",
		"uniques": [
			"Doesn't generate naturally",
			"Cannot be traded",
			"Excluded from map editor",
			"Stockpiled"
		]
	},

	//tech mining
	{
		"name": "Books",
		"resourceType": "Luxury",
		"terrainsCanBeFoundOn": ["Jungle"],
		"science": 1,
		"improvedBy": ["Research site", "Borough"],
		"improvementStats": { "science": 1 },
		"uniques": [
			"Generated with weight [30] <in [Jungle] Regions>",
			"Generated near City States with weight [10]"
		]
	},
	{
		"name": "Data",
		"resourceType": "Luxury",
		"revealedBy": "Electronics",
		"terrainsCanBeFoundOn": ["Jungle", "Forest"],
		"improvedBy": ["Research site", "Borough"],
		"improvementStats": { "science": 2 },
		"uniques": [
			"Generated with weight [30] <in [Jungle] Regions>",
			"Generated with weight [30] <in [Forest] Regions>",
			"Generated near City States with weight [10]"
		]
	},	

	//luxury

	{
		"name": "Machine Parts",
		"resourceType": "Luxury",
		"terrainsCanBeFoundOn": ["Jungle", "Forest"],
		"improvedBy": ["Salvage site", "Borough"],
		"improvementStats": { "production": 1 },
		"uniques": [
			"Generated with weight [30] <in [Jungle] Regions>",
			"Generated with weight [30] <in [Forest] Regions>",
			"Generated near City States with weight [10]"
		]
	},
	{
		"name": "Electronics",
		"resourceType": "Luxury",
		"terrainsCanBeFoundOn": ["Jungle", "Forest"],
		"improvedBy": ["Salvage site", "Borough"],
		"improvementStats": { "science": 1 },
		"uniques": [
			"Generated with weight [30] <in [Jungle] Regions>",
			"Generated with weight [30] <in [Forest] Regions>",
			"Generated near City States with weight [10]"
		]
	},
	{
		"name": "Soft Drinks",
		"resourceType": "Luxury",
		"uniques": [
			"Doesn't generate naturally",
			"Excluded from map editor"
		]
	},
	{
		"name": "Alcohol",
		"resourceType": "Luxury",
		"uniques": [
			"Doesn't generate naturally",
			"Excluded from map editor"
		]
	},
	{
		"name": "Scriptures",
		"resourceType": "Luxury",
		"uniques": [
			"Doesn't generate naturally",
			"Excluded from map editor"
		]
	},
	{
		"name": "Harvested Organs",
		"resourceType": "Luxury",
		"uniques": [
			"Doesn't generate naturally",
			"Excluded from map editor"
		]
	},
	{
		"name": "Narcotics",
		"resourceType": "Luxury",
		"uniques": [
			"Doesn't generate naturally",
			"Excluded from map editor"
		]
	},
	{
		"name": "Exotic Seeds",
		"resourceType": "Luxury",
		"uniques": [
			"Doesn't generate naturally",
			"Excluded from map editor"
		]
	},
	{
		"name": "Medicine",
		"resourceType": "Luxury",
		"food": 2,
		"uniques": ["Can only be created by Mercantile City-States"]
	},
	{
		"name": "Fabrics",
		"resourceType": "Luxury",
		"production": 1,
		"uniques": ["Can only be created by Mercantile City-States"]
	},
	{
		"name": "Honey",
		"resourceType": "Luxury",
		"gold": 1,
		"uniques": ["Can only be created by Mercantile City-States"]
	},
	{
		"name": "Stimulants",
		"resourceType": "Luxury",
		"production": 1,
		"uniques": ["Can only be created by Mercantile City-States"]
	},
	{
		"name": "Cattle",
		"resourceType": "Luxury",
		"terrainsCanBeFoundOn": ["Wasteland"],
		"food": 1,
		"improvedBy": ["Pasture", "Bioculture"],
		"improvementStats": { "food": 1 },
		"uniques": [
			"Generated with weight [20] <in [Wasteland] Regions>",
			"Generated with weight [20] <in [Hybrid] Regions>",
			"Generated near City States with weight [10]"
		]
	},
	{
		"name": "Goats",
		"resourceType": "Luxury",
		"terrainsCanBeFoundOn": ["Badlands", "Hill"],
		"food": 1,
		"improvedBy": ["Pasture", "Bioculture"],
		"improvementStats": { "food": 1 },
		"uniques": [
			"Generated with weight [5] <in [Badlands] Regions>",
			"Generated with weight [5] <in [Hill] Regions>",
			"Generated with weight [10] <in [Hybrid] Regions>",
			"Generated near City States with weight [15]"
		]
	},
	{
		"name": "Deer",
		"resourceType": "Luxury",
		"terrainsCanBeFoundOn": ["Tundra"],
		"food": 1,
		"improvedBy": ["Camp", "Bioculture"],
		"improvementStats": { "food": 1 },
		"uniques": [
			"Generated with weight [30] <in [Tundra] Regions>",
			"Generated near City States with weight [15]"
		]
	},
	{
		"name": "Furs",
		"resourceType": "Luxury",
		"terrainsCanBeFoundOn": ["Tundra", "Wasteland", "Jungle", "Forest"],
		"food": 1,
		"improvedBy": ["Camp", "Bioculture"],
		"improvementStats": { "production": 1 },
		"uniques": [
			"Generated with weight [30] <in [Tundra] Regions>",
			"Generated with weight [10] <in [Wasteland] Regions>",
			"Generated with weight [10] <in [Forest] Regions>",
			"Generated with weight [10] <in [Jungle] Regions>",
			"Generated near City States with weight [15]"
		]
	},
	{
		"name": "Fungus",
		"resourceType": "Luxury",
		"terrainsCanBeFoundOn": ["Hill", "Toxic Waste", "Jungle"],
		"food": 1,
		"improvedBy": ["Camp", "Bioculture"],
		"improvementStats": { "culture": 1 },
		"uniques": [
			"Generated with weight [5] <in [Jungle] Regions>",
			"Generated with weight [30] <in [Hill] Regions>",
			"Generated with weight [5] <in [Hybrid] Regions>",
			"Generated near City States with weight [15]"
		]
	},
	{
		"name": "Hostile Fauna",
		"resourceType": "Luxury",
		"terrainsCanBeFoundOn": ["Toxic Waste", "Fallout"],
		"food": 1,
		"improvedBy": ["Camp", "Bioculture"],
		"improvementStats": { "food": 2, "culture": 1, "science": 1 },
		"uniques": [
			"Generated with weight [25] <in [Tundra] Regions>",
			"Generated with weight [30] <in [Hill] Regions>",
			"Generated with weight [20] <in [Wasteland] Regions>",
			"Generated with weight [10] <in [Hybrid] Regions>",
			"Generated with weight [20] <in [Badlands] Regions>",
			"Generated with weight [30] <in [Desert] Regions>",
			"Generated near City States with weight [10]"
		]
	},
	{
		"name": "Hogs",
		"resourceType": "Luxury",
		"terrainsCanBeFoundOn": ["Badlands", "Hill", "Wasteland"],
		"food": 1,
		"improvedBy": ["Camp", "Bioculture"],
		"improvementStats": { "food": 1 },
		"uniques": [
			"Generated with weight [5] <in [Badlands] Regions>",
			"Generated with weight [5] <in [Wasteland] Regions>",
			"Generated with weight [5] <in [Hill] Regions>",
			"Generated with weight [10] <in [Hybrid] Regions>",
			"Generated near City States with weight [15]"
		]
	},
	{
		"name": "Salt",
		"resourceType": "Luxury",
		"terrainsCanBeFoundOn": ["Hill", "Badlands", "Desert", "Tundra"],
		"improvedBy": ["Mine", "Borehole"],
		"improvementStats": { "food": 1 },
		"uniques": [
			"Generated with weight [35] <in [Hill] Regions>",
			"Generated with weight [5] <in [Badlands] Regions>",
			"Generated with weight [5] <in [Desert] Regions>",
			"Generated with weight [5] <in [Tundra] Regions>",
			"Generated with weight [5] <in [Hybrid] Regions>",
			"Generated near City States with weight [15]"
		]
	},
	{
		"name": "Artifacts",
		"resourceType": "Luxury",
		"terrainsCanBeFoundOn": ["Jungle", "Sunken Ruins"],
		"culture": 1,
		"improvedBy": ["Research site", "Borough", "Modular island"],
		"improvementStats": { "culture": 1 },
		"uniques": [
			"Generated on every [15] tiles <in [Coast] tiles>",
			"Generated with weight [30] <in [Jungle] Regions>",
			"Generated with weight [20] <in [Hybrid] Regions>",
			"Generated with weight [10] <in [Desert] Regions>",
			"Generated with weight [15] <in [Hill] Regions>",
			"Generated with weight [15] <in [Badlands] Regions>",
			"Generated with weight [10] <in [Wasteland] Regions>",
			"Generated with weight [20] <in [Wasteland] Regions>",
			"Generated near City States with weight [15]"
		]
	},
	{
		"name": "Jellyfish",
		"resourceType": "Luxury",
		"terrainsCanBeFoundOn": ["Coast","Ocean"],
		"food": 1,
		"improvedBy": ["Fishing Boats", "Bioculture"],
		"improvementStats": { "food": 1 },
		"uniques": [
			"Generated on every [33] tiles <in [{Featureless} {Ocean}] tiles> <with [1] to [6] neighboring [Coast] tiles>",
			"Generated on every [33] tiles <in [{Featureless} {Coast}] tiles>",
			"Generated near City States with weight [10]"
		]
	},
	{
		"name": "Deep-sea Fish",
		"resourceType": "Luxury",
		"revealedBy": "Oceanography",
		"terrainsCanBeFoundOn": ["Ocean"],
		"food": 1,
		"improvedBy": ["Fishing Boats", "Bioculture"],
		"improvementStats": { "food": 1 },
		"uniques": [
			"Generated on every [33] tiles <in [{Featureless} {Ocean}] tiles> <with [1] to [6] neighboring [Coast] tiles>",
			"Generated near City States with weight [10]"
		]
	},
	{
		"name": "Gems",
		"resourceType": "Luxury",
		"terrainsCanBeFoundOn": ["Hill"],
		"improvedBy": ["Mine", "Borehole"],
		"improvementStats": { "culture": 1 },
		"uniques": [
			"Generated with weight [15] <in [Hill] Regions>",
			"Generated with weight [5] <in [Hybrid] Regions>",
			"Generated near City States with weight [10]"
		]
	},
	{
		"name": "Silver",
		"resourceType": "Luxury",
		"terrainsCanBeFoundOn": ["Hill"],
		"improvedBy": ["Mine", "Borehole"],
		"improvementStats": { "culture": 1 },
		"uniques": [
			"Generated with weight [30] <in [Hill] Regions>",
			"Generated with weight [10] <in [Hybrid] Regions>",
			"Generated near City States with weight [10]"
		]
	},
	{
		"name": "Cactus",
		"resourceType": "Luxury",
		"terrainsCanBeFoundOn": ["Desert"],
		"food": 1,
		"improvedBy": ["Farm", "Aquaponic farm"],
		"improvementStats": { "food": 1 },
		"uniques": [
			"Generated with weight [30] <in [Desert] Regions>",
			"Generated near City States with weight [10]"
		]
	},
	{
		"name": "Cobalt",
		"resourceType": "Luxury",
		"terrainsCanBeFoundOn": ["Ocean"],
		"revealedBy": "Oceanography",
		"production": 1,
		"improvedBy": ["Offshore mine"],
		"improvementStats": { "production": 1 },
		"uniques": [
			"Generated on every [33] tiles <in [{Featureless} {Ocean}] tiles> <with [1] to [6] neighboring [Coast] tiles>",
			"Generated near City States with weight [10]"
		]
	}
]
