[
	{
		"name": "Farm",
		"terrainsCanBeBuiltOn": ["Badlands", "Desert", "Swamp"],
		"food": 1,
		"turnsToBuild": 7,
		"uniques": [
			"Food source",
			"Can also be built on tiles adjacent to fresh water",
			"Must be next to [Fresh water] <in [non-[resource]] tiles> <before discovering [Botany]>",
			"[+1 Food] from [Fresh water] tiles",
			"Obsolete with [Land Remediation]",
			"Consumes [1] [H2O] <in tiles not adjacent to [Fresh water] tiles>",
			"Only available <with [H2O]>",
			"Can only be built to improve a resource <in [resource] tiles>",
			"Pillaging this improvement yields approximately [+10 Gold]",
			"Cannot be built on [Water] tiles",
			"Cannot be built on [Permafrost] tiles"
		],
		"shortcutKey": "F"
	},
	{
		"name": "Tree plantation",
		"terrainsCanBeBuiltOn": ["Wasteland", "Tundra", "Swamp"],
		"production": 1,
		"turnsToBuild": 8,
		"techRequired": "Ecology",
		"uniques": [
			"Food source",
			"Gives a defensive bonus of [10]%",
			"Cannot be built on [Permafrost] tiles",
			"Cannot be built on [Desert] tiles",
			"[+1 Food] from [Fresh water] tiles",
			"[+1 Food, +1 Production] <after discovering [Land Remediation]>",
			"[+1 Food, +1 Production] <after discovering [Geo Engineering]>",
			"Consumes [1] [H2O] <in tiles not adjacent to [Fresh water] tiles>",
			"Provides [-1] [CO2]",
			"Only available <with [H2O]>",
			"Pillaging this improvement yields approximately [+10 Gold]"
		],
		"shortcutKey": "T"
	},
	{
		"name": "Mine",
		"terrainsCanBeBuiltOn": ["Hill"],
		"production": 1,
		"turnsToBuild": 9,
		"techRequired": "Mining",
		"uniques": [
			"[+1 Production] <after discovering [Steam Power]>",
			"[+1 Production] <after discovering [Railroads]>",
			"Provides [1] [CO2]",
			"Can only be built to improve a resource <in [resource] tiles>",
			"Obsolete with [Advanced Materials]",
			"Pillaging this improvement yields approximately [+10 Gold]"
		],
		"shortcutKey": "M"
	},
	{
		"name": "Pasture",
		"turnsToBuild": 7,
		"techRequired": "Redomestication",
		"uniques": [
			"Food source",
			"Obsolete with [Genetics]",
			"Can only be built to improve a resource",
			"Pillaging this improvement yields approximately [+10 Gold]"
		],
		"shortcutKey": "P"
	},
	{
		"name": "Moisture trap",
		"terrainsCanBeBuiltOn": [
			"Land"
		],
		"gold": 1,
		"turnsToBuild": 5,
		"uniques": [
			"[+1 Food] <after discovering [Chemistry]>",
			"Provides [1] [H2O]",
			"Does not need removal of [Forest]",
			"Does not need removal of [Jungle]",
			"Obsolete with [Plastics]",
			"Pillaging this improvement yields approximately [+10 Gold]",
			"Unbuildable <in [resource] tiles>"
		],
		"shortcutKey": "U"
	},
	{
		"name": "Filter pump",
		"terrainsCanBeBuiltOn": [
			"Lakes"
		],
		"gold": 1,
		"turnsToBuild": 5,
		"uniques": [
			"Provides [1] [H2O]",
			"[+1 Food] <after discovering [Chemistry]>",
			"Pillaging this improvement yields approximately [+10 Gold]"
		],
		"techRequired": "Decontamination",
		"shortcutKey": "F"
	},
	{
		"name": "Solar collector",
		"terrainsCanBeBuiltOn": [
			"Badlands",
			"Wasteland",
			"Desert"
		],
		"production": 2,
		"turnsToBuild": 14,
		"techRequired": "Electronics",
		"uniques": [
			"[+1 Production] <after discovering [Computers]>",
			"[+1 Production, +1 Gold] <after discovering [Advanced Materials]>",
			"Provides [1] [Power]",
			"Unbuildable <in [resource] tiles>",
			"Pillaging this improvement yields approximately [+10 Gold]"
		],
		"shortcutKey": "L"
	},
	{
		"name": "Wind farm",
		"turnsToBuild": 10,
		"techRequired": "Steel",
		"production": 1,
		"terrainsCanBeBuiltOn": ["Coast"],
		"uniques": [
			"Provides [1] [Power]",
			"Cannot be built on [Water] tiles <before discovering [Oceanography]>",
			"Pillaging this improvement yields approximately [+10 Gold]"
		],
		"shortcutKey": "W"
	},
	{
		"name": "Condenser",
		"techRequired": "Plastics",
		"terrainsCanBeBuiltOn": [
			"Land"
		],
		"gold": 2,
		"food": 2,
		"turnsToBuild": 10,
		"uniques": [
			"Provides [2] [H2O]",
			"Pillaging this improvement yields approximately [+10 Gold]",
			"Unbuildable <in [resource] tiles>"
		],
		"shortcutKey": "U"
	},
	{
		"name": "Artificial glacier",
		"terrainsCanBeBuiltOn": ["Permafrost", "Mountain Tunnel"],
		"gold": 2,
		"production": 1,
		"food": 2,
		"turnsToBuild": 10,
		"techRequired": "Geo Engineering",
		"uniques": [
			"Food source",
			"Provides [3] [H2O]",
			"Provides [-1] [CO2]",
			"Gives a defensive bonus of [10]%",
			"Unbuildable <in [resource] tiles>",
			"Pillaging this improvement yields approximately [+10 Gold]"
		],
		"shortcutKey": "G"
	},
	{
		"name": "Aquaponic farm",
		"terrainsCanBeBuiltOn": ["Badlands","Swamp","Desert"],
		"turnsToBuild": 10,
		"food": 3,
		"techRequired": "Land Remediation",
		"uniques": [
			"Food source",
			"Can also be built on tiles adjacent to fresh water",
			"Provides [-1] [CO2]",
			"Cannot be built on [Water] tiles",
			"[+1 Food] from [Fresh water] tiles",
			"Cannot be built on [Permafrost] tiles",
			"Pillaging this improvement yields approximately [+10 Gold]"
		],
		"shortcutKey": "Q"
	},
	{
		"name": "Borough",
		"terrainsCanBeBuiltOn": ["Forest","Jungle"],
		"turnsToBuild": 15,
		"techRequired": "Computers",
		"production": 1,
		"food": 2,
		"uniques": [
			"Food source",
			"Does not need removal of [Forest]",
			"Does not need removal of [Jungle]",
			"[+1 Science] <after discovering [Artificial Intelligence]>",
			"Can only be built to improve a resource <in [resource] tiles>",
			"Provides [1] [CO2]",
			"Cannot be built on [Water] tiles",
			"Pillaging this improvement yields approximately [+10 Gold]"
		],
		"shortcutKey": "H"
	},
	{
		"name": "Modular island",
		"techRequired": "Computers",
		"turnsToBuild": 10,
		"production": 1,
		"food": 2,
		"terrainsCanBeBuiltOn": ["Sunken Ruins"],
		"uniques": [
			"Food source",
			"[+1 Science] <after discovering [Artificial Intelligence]>",
			"Provides [1] [CO2]",
			"Can only be built to improve a resource <in [resource] tiles>",
			"Can only be built on [Water] tiles",
			"Pillaging this improvement yields approximately [+10 Gold]"
		],
		"shortcutKey": "I"
	},
	{
		"name": "Borehole",
		"techRequired": "Advanced Materials",
		"terrainsCanBeBuiltOn": ["Hill", "Fissure"],
		"turnsToBuild": 10,
		"production": 4,
		"science": 1,
		"uniques": [
			"[+1 Science, +1 Production] <after discovering [Geo Engineering]>",
			"Provides [1] [Uranium] <in [Uranium] tiles>",
			"Provides [1] [Coal] <in [Coal] tiles>",
			"Provides [1] [Aluminum] <in [Aluminum] tiles>",
			"Provides [1] [Silver] <in [Silver] tiles>",
			"Provides [1] [Gems] <in [Gems] tiles>",
			"Provides [1] [Salt] <in [Salt] tiles>",
			"Provides [1] [CO2]",
			"Pillaging this improvement yields approximately [+10 Gold]"
		],
		"shortcutKey": "B"
	},

	// Resource-specific
	{
		"name": "Research site",
		"turnsToBuild": 7,
		"techRequired": "Secrets of the Past",
		"uniques": [
			"Does not need removal of [Forest]",
			"Does not need removal of [Jungle]",
			"Obsolete with [Computers]",
			"Can only be built to improve a resource",
			"Provides [1] [CO2]",
			"Pillaging this improvement yields approximately [+10 Gold]"
		],
		"shortcutKey": "H"
	},
	{
		"name": "Salvage site",
		"turnsToBuild": 5,
		"uniques": [
			"Does not need removal of [Forest]",
			"Does not need removal of [Jungle]",
			"Obsolete with [Computers]",
			"[+1 Production] <after discovering [Manufacturing]>",
			"Can only be built to improve a resource",
			"Provides [1] [CO2]",
			"Pillaging this improvement yields approximately [+10 Gold]"
		],
		"shortcutKey": "S"
	},
	{
		"name": "Water pump",
		"terrainsCanBeBuiltOn": ["Spring"],
		"gold": 1,
		"food": 1,
		"turnsToBuild": 7,
		"techRequired": "Iron Working",
		"uniques": [
			"Provides [2] [H2O]",
			"[+1 Food] <after discovering [Decontamination]>",
			"Pillaging this improvement yields approximately [+10 Gold]"
		],
		"shortcutKey": "W"
	},
	{
		"name": "Camp",
		"turnsToBuild": 5,
		"uniques": [
			"Food source",
			"Does not need removal of [Forest]",
			"Does not need removal of [Jungle]",
			"[+1 Food] <after discovering [Ecology]>",
			"Obsolete with [Genetics]",
			"Can only be built to improve a resource",
			"Pillaging this improvement yields approximately [+10 Gold]"
		],
		"shortcutKey": "C"
	},
	{
		"name": "Oil well",
		"turnsToBuild": 9,
		"techRequired": "Machinery",
		"uniques": [
			"Provides [1] [Oil]",
			"Provides [1] [CO2]",
			"Cannot be built on [Water] tiles <before discovering [Oceanography]>",
			"Can only be built to improve a resource",
			"Pillaging this improvement yields approximately [+10 Gold]"
		],
		"shortcutKey": "W"
	},
	{
		"name": "Offshore mine",
		"turnsToBuild": 8,
		"techRequired": "Oceanography",
		"uniques": [
			"Can only be built to improve a resource",
			"[+1 Production, +1 Science] <after discovering [Advanced Materials]>",
			"Provides [1] [Cobalt] <in [Cobalt] tiles> <after discovering [Advanced Materials]>",
			"Provides [1] [CO2]",
			"Pillaging this improvement yields approximately [+10 Gold]"
		],
		"shortcutKey": "M"
	},
	{
		"name": "Energy farm",
		"terrainsCanBeBuiltOn": ["Swamp"],
		"production": 4,
		"turnsToBuild": 7,
		"techRequired": "Biology",
		"uniques": [
			"Can also be built on tiles adjacent to fresh water",
			"Unbuildable <in [resource] tiles>",
			"Provides [-1] [H2O]",
			"Provides [1] [Oil]",
			"Provides [1] [CO2]",
			"Pillaging this improvement yields approximately [+10 Gold]",
			"Cannot be built on [Water] tiles"
		],
		"shortcutKey": "Y"
	},
	{
		"name": "Fishing Boats",
		"techRequired": "Sailing",
		"terrainsCanBeBuiltOn": ["Coast", "Ocean"],
		"turnsToBuild": 4,
		"uniques": [
			"Food source",
			"Obsolete with [Ocean Remediation]",
			"[+1 Food] <after discovering [Oceanography]>",
			"Can only be built to improve a resource",
			"Pillaging this improvement yields approximately [+10 Gold]"
		],
		"shortcutKey": "F"
	},
	{
		"name": "Bioculture",
		"techRequired": "Genetics",
		"food": 2,
		"turnsToBuild": 10,
		"uniques": [
			"Food source",
			"Can only be built to improve a resource",
			"Removes removable features when built",
			"Provides [-1] [CO2]",
			"Provides [1] [H2O] <in [Water] tiles>",
			"Cannot be built on [Water] tiles <before discovering [Ocean Remediation]>",
			"[+1 Food] <after discovering [Atmosphere Remediation]>",
			"Pillaging this improvement yields approximately [+10 Gold]"
		],
		"shortcutKey": "C"
	},

	// Military improvement
	{
		"name": "Trench",
		"terrainsCanBeBuiltOn": [
			"Badlands",
			"Wasteland",
			"Desert",
			"Hill",
			"Tundra",
			"Permafrost",
			"Swamp"
		],
		"turnsToBuild": 4,
		"uniques": [
			"Gives a defensive bonus of [25]%",
			"Can be built outside your borders"
		],
		"shortcutKey": "D"
	},
	{
		"name": "Fort",
		"terrainsCanBeBuiltOn": [
			"Badlands",
			"Wasteland",
			"Desert",
			"Hill",
			"Tundra",
			"Permafrost",
			"Swamp"
		],
		"turnsToBuild": 6,
		"techRequired": "Engineering",
		"uniques": [
			"Gives a defensive bonus of [50]%",
			"Can be built outside your borders"
		],
		"shortcutKey": "O"
	},

	// civ unique
	{
		"name": "Drum site",
		"uniqueTo": "Proklyatyye",
		"terrainsCanBeBuiltOn": ["Fallout", "Toxic Waste"],
		"food": 1,
		"turnsToBuild": 7,
		"uniques": [
			"[+1 Production] <after discovering [Chemistry]>",
			"[+1 Food, +1 Gold] <after discovering [Decontamination]>",
			"Provides [1] [Uranium] <in [Fallout] tiles> <after discovering [Decontamination]>",
			"Provides [1] [Oil] <in [Toxic Waste] tiles> <after discovering [Decontamination]>",
			"Pillaging this improvement yields approximately [+10 Gold]"],
		"shortcutKey": "I"
	},

	// Terraforming

	{
		"name": "Tunnel",
		"terrainsCanBeBuiltOn": ["Mountain"],
		"turnsToBuild": 1,
		"techRequired": "Advanced Materials",
		"uniques": [
			"Can be built outside your borders",
			"Turn this tile into a [Mountain Tunnel] tile",
			"[+1 Production] <in [Mountain] tiles>",
			"Excluded from map editor"
		],
		"shortcutKey": "T"
	},

	// Transportation
	{
		"name": "Road",
		"turnsToBuild": 4,
		"terrainsCanBeBuiltOn": ["Land"],
		"techRequired": "Construction",
		"uniques": [
			"Can be built outside your borders",
			"Costs [1] [Gold] per turn"
		],
		"shortcutKey": "R"
	},
	{
		"name": "Railroad",
		"turnsToBuild": 10,
		"terrainsCanBeBuiltOn": ["Land"],
		"techRequired": "Railroads",
		"uniques": [
			"Can be built outside your borders",
			"Costs [2] [Gold] per turn"
		],
		"shortcutKey": "R"
	},
	// Removals
	{
		"name": "Remove Forest", // Remove Rubble
		"turnsToBuild": 4,
		"uniques": ["Can be built outside your borders", "Excluded from map editor"],
		"shortcutKey": "X"
	},
	{
		"name": "Remove Jungle", // Remove Ruins
		"turnsToBuild": 7,
		"techRequired": "Construction",
		"uniques": ["Can be built outside your borders", "Excluded from map editor"],
		"shortcutKey": "X"
	},
	{
		"name": "Remove Fallout",
		"turnsToBuild": 12,
		"techRequired": "Decontamination",
		"uniques": ["Can be built outside your borders", "Excluded from map editor"],
		"shortcutKey": "X"
	},
	{
		"name": "Remove Toxic Waste",
		"turnsToBuild": 15,
		"techRequired": "Decontamination",
		"uniques": ["Can be built outside your borders", "Excluded from map editor"],
		"shortcutKey": "X"
	},
	{
		"name": "Remove Ice",
		"turnsToBuild": 4,
		"techRequired": "Oceanography",
		"uniques": ["Can be built outside your borders", "Excluded from map editor"],
		"shortcutKey": "X"
	},
	// These are unique and have unique in-game checks related to them
	{
		"name": "Remove Road",
		"turnsToBuild": 2,
		"uniques": ["Can be built outside your borders"]
	},
	{
		"name": "Remove Railroad",
		"turnsToBuild": 2,
		"uniques": ["Can be built outside your borders"]
	},
	{
		"name": "Cancel improvement order",
		"uniques": ["Can be built outside your borders"],
		"shortcutKey": "."
	},
        // Purely for turnsToBuild and civilopediaText. Unbuildable so it doesn't show in ImprovementPicker
        {
                "name": "Repair",
                "terrainsCanBeBuiltOn": ["Land"],
                "turnsToBuild": 2,
                "shortcutKey": "E",
                "uniques": ["Unbuildable"],
                "civilopediaText": [{"text":"Repairs a pillaged Improvement or Route"}]
        },
	// Great Person improvements
	{
		"name": "Academy",
		"science": 4,
		"terrainsCanBeBuiltOn": ["Land"],
		"uniques": [
			"Great Improvement",
			"Gives a defensive bonus of [10]%",
			"[+2 Science] <after discovering [Electronics]>",
			"[+2 Science] <after discovering [Decryption]>",
			"Removes removable features when built",
			"Pillaging this improvement yields approximately [+20 Gold]",
			"Will not be replaced by automated units"
		]
	},
	{
		"name": "Settlement",
		"gold": 1,
		"culture": 1,
		"terrainsCanBeBuiltOn": ["Land"],
		"uniques": [
			"Great Improvement",
			"Gives a defensive bonus of [10]%",
			"[+1 Science] for each adjacent [Forest]",
			"[+1 Science] for each adjacent [Jungle]",
			"[+1 Food] for each adjacent [Food source]",
			"[+1 Gold] <after discovering [Currency]>",
			"[+1 Culture] <after discovering [Civil Service]>",
			"Provides [1] [H2O]",
			"Removes removable features when built",
			"Can be built just outside your borders",
			"Gain control over [all] tiles in a [1]-tile radius",
			"Pillaging this improvement yields approximately [+20 Gold]",
			"Will not be replaced by automated units"
		]
	},
	{
		"name": "Outpost",
		"production": 2,
		"terrainsCanBeBuiltOn": ["Land"],
		"uniques": [
			"Great Improvement",
			"Gives a defensive bonus of [100]%",
			"Adjacent enemy units ending their turn take [30] damage",
			"Provides [2] [Slaves]",
			"Removes removable features when built",
			"Can be built just outside your borders",
			"Gain control over [all] tiles in a [1]-tile radius",
			"Pillaging this improvement yields approximately [+20 Gold]",
			"Will not be replaced by automated units"
		]
	},
	{
		"name": "Narcotics farm",
		"culture": 2,
		"food": 1,
		"happiness": 1,
		"terrainsCanBeBuiltOn": ["Land"],
		"uniques": [
			"Great Improvement",
			"Gives a defensive bonus of [10]%",
			"[+1 Food] from [Fresh water] tiles",
			"[+1 Culture, +1 Food] <after discovering [Hydroponics]>",
			"Provides [1] [Narcotics]",
			"Removes removable features when built",
			"Pillaging this improvement yields approximately [+20 Gold]",
			"Will not be replaced by automated units"
		]
	},
	{
		"name": "Prison farm",
		"production": 2,
		"food": 2,
		"terrainsCanBeBuiltOn": ["Land"],
		"uniques": [
			"Great Improvement",
			"Gives a defensive bonus of [10]%",
			"Provides [2] [Slaves]",
			"[+1 Food] from [Fresh water] tiles",
			"[+1 Food] <after discovering [Land Remediation]>",
			"Removes removable features when built",
			"Pillaging this improvement yields approximately [+20 Gold]",
			"Will not be replaced by automated units"
		]
	},
	{
		"name": "Seminary",
		"faith": 4,
		"terrainsCanBeBuiltOn": ["Land"],
		"uniques": [
			"Great Improvement",
			"Gives a defensive bonus of [10]%",
			"Removes removable features when built",
			"[+2 Faith] <after discovering [Education]>",
			"Pillaging this improvement yields approximately [+20 Gold]",
			"Will not be replaced by automated units"
		]
	},
	{
		"name": "Oracle",
		"faith": 6,
		"terrainsCanBeBuiltOn": ["Land"],
		"uniques": [
			"Great Improvement",
			"Gives a defensive bonus of [10]%",
			"Provides [1] [Oil]",
			"Provides [1] [Oil] <after discovering [Biology]>",
			"Provides [1] [CO2]",
			"Removes removable features when built",
			"[+2 Culture] <after discovering [Chemistry]>",
			"Pillaging this improvement yields approximately [+20 Gold]",
			"Will not be replaced by automated units"
		]
	},
	{
		"name": "Manufactory",
		"production": 3,
		"terrainsCanBeBuiltOn": ["Land"],
		"uniques": [
			"Great Improvement",
			"Gives a defensive bonus of [10]%",
			"[+1 Production] <after discovering [Steam Power]>",
			"[+1 Production] <after discovering [Railroads]>",
			"[+1 Production] <after discovering [Electronics]>",
			"[+1 Production, +1 Science] <after discovering [Robotics]>",
			"Provides [1] [CO2]",
			"Provides [1] [Power]",
			"Removes removable features when built",
			"Pillaging this improvement yields approximately [+20 Gold]",
			"Will not be replaced by automated units"
		]
	},
	{
		"name": "Citadel",
		"science": 2,
		"gold": 2,
		"terrainsCanBeBuiltOn": ["Land"],
		"uniques": [
			"Gives a defensive bonus of [100]%",
			"Adjacent enemy units ending their turn take [30] damage",
			"Great Improvement",
			"Gain control over [all] tiles in a [1]-tile radius",
			"Can be built just outside your borders",
			"Removes removable features when built",
			"Will not be replaced by automated units"
		]
	},
	{
		"name": "Factory farm",
		"food": 4,
		"terrainsCanBeBuiltOn": ["Land"],
		"uniques": [
			"Great Improvement",
			"Food source",
			"Gives a defensive bonus of [10]%",
			"[+1 Food] <after discovering [Botany]>",
			"[+1 Food] <after discovering [Ecology]>",
			"[+1 Food] <after discovering [Hydroponics]>",
			"[+1 Production, +1 Food] <after discovering [Genetics]>",
			"Removes removable features when built",
			"Pillaging this improvement yields approximately [+20 Gold]",
			"Will not be replaced by automated units"
		]
	},
	{
		"name": "Civic center",
		"happiness": 4,
		"terrainsCanBeBuiltOn": ["Land"],
		"uniques": [
			"Great Improvement",
			"Gives a defensive bonus of [10]%",
			"Removes removable features when built",
			"Pillaging this improvement yields approximately [+20 Gold]",
			"Will not be replaced by automated units"
		]
	},
	{
		"name": "Supply complex",
		"gold": 4,
		"terrainsCanBeBuiltOn": ["Land"],
		"uniques": [
			"Great Improvement",
			"Gives a defensive bonus of [10]%",
			"[+2 Gold] <after discovering [Decontamination]>",
			"[+2 Gold] <after discovering [Radar]>",
			"[+2 Gold] <after discovering [Incentivization]>",
			"Removes removable features when built",
			"Pillaging this improvement yields approximately [+20 Gold]",
			"Will not be replaced by automated units"
		]
	},

	//General
	{
		"name": "City center",
		"terrainsCanBeBuiltOn": ["Land"],
		"uniques": [
			"Unpillagable",
			"Irremovable",
			"Unbuildable",
			"Ensures a minimum tile yield of [+2 Food, +1 Production]",
			"Provides [1] [CO2]"
		],
		"civilopediaText": [
			{
				"text": "Marks the center of a city"
			},
			{
				"text": "Appearance changes with the technological era of the owning civilization"
			}
		]
	},
	{
		"name": "City ruins",
		"terrainsCanBeBuiltOn": ["Land"],
		"uniques": [
			"Gives a defensive bonus of [10]%",
			"Unpillagable",
			"Unbuildable"
		]
	},
	{
		"name": "Barbarian encampment",
		"terrainsCanBeBuiltOn": ["Land"],
		"uniques": [
			"Gives a defensive bonus of [25]%",
			"Provides a random bonus when entered",
			"Unpillagable",
			"Unbuildable"
		]
	}
]
