[
    {
        "name": "Scientific",
        "victoryScreenHeader": "Complete all the colony ship parts\nto win!",
		"milestones": [
			"Build [Colony Ship Project]", "Add all [spaceship parts] in capital"
		],
        "requiredSpaceshipParts": [
			"SS Engine", "SS Stasis Chamber", "SS Life Support", "SS Casing", "SS Cockpit", "SS Booster"
		],
        "victoryString": "You have achieved victory through mastery of Science! With the Colony Ship complete, you can now lead your people on a voyage to a brave new world, untainted by the ravages of humanity's many conflicts over this world, and truly build civilization anew.\n\nPerhaps one day, you might return to this world, after you have ensured man will not repeat the mistakes that left it in ruin.",
		"defeatString": "You have been defeated. Your civilization has been overwhelmed by its many foes. But your people do not despair, for they know that one day you shall return - and lead them forward to victory!"
    },
    {
        "name": "Cultural",
        "victoryScreenHeader": "Complete 5 policy branches and\nbuild the Utopia Project to win!",
        "milestones": ["Complete [5] Policy branches", "Build [Utopia Project]"],
        "victoryString": "You have achieved victory through the awesome power of your Culture. Your civilization's greatness - the magnificence of its monuments and the power of its artists - have astounded the world! Poets will honor you as long as beauty brings gladness to a weary heart.",
        "defeatString": "You have been defeated. Your civilization has been overwhelmed by its many foes. But your people do not despair, for they know that one day you shall return - and lead them forward to victory!"
    },
    {
        "name": "Domination",
        "victoryScreenHeader": "Destroy all enemies\nto win!",
        "milestones": ["Destroy all players"],
        "victoryString": "The world has been convulsed by war. Many great and powerful civilizations have fallen, but you have survived - and emerged victorious! The world will long remember your glorious triumph!",
        "defeatString": "You have been defeated. Your civilization has been overwhelmed by its many foes. But your people do not despair, for they know that one day you shall return - and lead them forward to victory!"
    },
    {
        "name": "Diplomatic",
		"victoryScreenHeader": "Found the Global Alliance and be voted\nworld leader to win!",
        "milestones": ["Anyone should build [Global Alliance]", "Win diplomatic vote"],
        "victoryString": "You have triumphed over your foes through the art of diplomacy! By recovering pieces of the ancient past, you have brought together the many armies of this new world! May the people remember you as the great leader who brought peace to this weary world!",
        "defeatString": "You have been defeated. Your civilization has been overwhelmed by its many foes. But your people do not despair, for they know that one day you shall return - and lead them forward to victory!"
    },
    {
        "name": "Environmental",
        "victoryScreenHeader": "Reduce pollution to zero and\nearn the Green Victory to win!",
        "milestones": ["Build [Green Victory]"],
        "victoryString": "You have achieved victory through healing the earth's climate! With the pollution cleared and CO2 reduced to manageable levels, humanity can once again enjoy clean air and water and abundant wildlife. Your descendants will long remember you as the earth's savior!",
        "defeatString": "You have been defeated. Your civilization has been overwhelmed by its many foes. But your people do not despair, for they know that one day you shall return - and lead them forward to victory!"
    },
    {
        "name": "Religious",
		"victoryScreenHeader": "Become the dominant religion\nin every city of the world to win!",
        "milestones": ["Become the world religion"],
        "victoryString": "You have achieved victory through the power of faith and conviction. All the nations have submitted to your teachings, for better or worse. Rejoice! For your faith has converted the world.",
        "defeatString": "You have been defeated. Your civilization has been overwhelmed by its many foes. But your people do not despair, for they know that one day you shall return - and lead them forward to victory!"
    },
    {
		"name": "Domination (Capital)",
		"victoryScreenHeader": "Capture all capital cities\nto win!",
		"milestones": ["Capture all capitals"],
		"victoryString": "The world has been convulsed by war. Through overwhelming might, you have conquered the capital cities of your enemies and subdued them. The world will long remember your glorious triumph!",
		"defeatString": "You have been defeated. Your civilization has been overwhelmed by its many foes. But your people do not despair, for they know that one day you shall return - and lead them forward to victory!"
	},
    {
        "name": "Time",
        "hiddenInVictoryScreen": true,
        "milestones": ["Have highest score after max turns"],
        "victoryString": "The world has been convulsed by war. Many great and powerful civilizations have fallen, but you have survived - and emerged victorious! The world will long remember your glorious triumph!",
        "defeatString": "You have been defeated. Your civilization has been overwhelmed by its many foes. But your people do not despair, for they know that one day you shall return - and lead them forward to victory!"
    }
]