[
    {
        "name": "Seed era",
        "researchAgreementCost": 150,
        "startingSettlerCount": 1, // These values should not include the values given in Difficulties.json
        "startingWorkerCount": 0,
        "startingMilitaryUnitCount": 1,
        "startingMilitaryUnit": "Grunt",
        "settlerPopulation": 1,
        "settlerBuildings": ["Seed of Madness"],
        "baseUnitBuyCost": 200,
        "embarkDefense": 3,
        "startPercent": 0,
        "citySound": "cityAncient",
        "iconRGB": [255, 87, 35]
    },
    {
        "name": "Sprout era",
        "researchAgreementCost": 150,
        "startingSettlerCount": 1,
        "startingWorkerCount": 0,
        "startingMilitaryUnitCount": 2,
        "startingMilitaryUnit": "Grunt",
        "startingGold": 10,
        "startingCulture": 100,
        "settlerPopulation": 1,
        "settlerBuildings": ["Seed of Madness"],
        "baseUnitBuyCost": 200,
        "embarkDefense": 4,
        "startPercent": 10,
        "citySound": "cityClassical",
        "iconRGB": [233, 31, 99]
    },
    {
        "name": "Sapling era",
        "researchAgreementCost": 250,
        "startingSettlerCount": 1,
        "startingWorkerCount": 1,
        "startingMilitaryUnitCount": 3,
        "startingMilitaryUnit": "Grunt",
        "startingGold": 25,
        "startingCulture": 200,
        "settlerPopulation": 1,
        "settlerBuildings": ["Seed of Madness"],
        "baseUnitBuyCost": 200,
        "embarkDefense": 6,
        "startPercent": 25,
        "citySound": "cityMedieval",
        "iconRGB": [157, 39, 176]
    },
    {
        "name": "Tree era",
        "researchAgreementCost": 250,
        "startingSettlerCount": 1,
        "startingWorkerCount": 1,
        "startingMilitaryUnitCount": 3,
        "startingMilitaryUnit": "Grunt",
        "startingGold": 50,
        "startingCulture": 300,
        "settlerPopulation": 2,
        "settlerBuildings": ["Seed of Madness"],
        "baseUnitBuyCost": 300,
        "embarkDefense": 8,
        "startPercent": 37,
        "citySound": "cityRenaissance",
        "iconRGB": [104, 58, 183]
    },
    {
        "name": "Snag era",
        "researchAgreementCost": 300,
        "startingSettlerCount": 1,
        "startingWorkerCount": 2,
        "startingMilitaryUnitCount": 5,
        "startingMilitaryUnit": "Grunt",
        "startingGold": 100,
        "startingCulture": 400,
        "settlerPopulation": 3,
        "settlerBuildings": ["Seed of Madness"],
        "baseUnitBuyCost": 400,
        "embarkDefense": 10,
        "startPercent": 50,
        "citySound": "cityIndustrial",
        "iconRGB": [63, 81, 182]
    },
    {
        "name": "Renewal era",
        "researchAgreementCost": 300,
        "startingSettlerCount": 1,
        "startingWorkerCount": 2,
        "startingMilitaryUnitCount": 5,
        "startingMilitaryUnit": "Grunt",
        "startingGold": 100,
        "startingCulture": 400,
        "settlerPopulation": 3,
        "settlerBuildings": ["Seed of Madness"],
        "baseUnitBuyCost": 400,
        "embarkDefense": 10,
        "startPercent": 50,
        "citySound": "cityIndustrial",
        "iconRGB": [33, 150, 243]
    }
]
