[
	// Base terrains
	{
		"name": "Ocean",
		"type": "Water",
		"food": 1,
		"movementCost": 1,
		"RGB": [45,108,145]
	},
	{
		"name": "Coast",
		"type": "Water",
		"food": 1,
		"movementCost": 1,
		"RGB": [107,167,193],
		"uniques": ["[+2] to Fertility for Map Generation",
			"Considered [Desirable] when determining start locations <on water maps>"]
	},
	{
		"name": "Grassland",
		"type": "Land",
		"food": 2,
		"movementCost": 1,
		"RGB": [97,171,58],
		"uniques": ["Occurs at temperature between [-0.4] and [0.1] and humidity between [0.2] and [0.4]",
			"Occurs at temperature between [0.1] and [0.2] and humidity between [0.3] and [0.4]",
			"Occurs at temperature between [-0.5] and [0.5] and humidity between [0.6] and [0.8]",
			"Occurs at temperature between [-0.5] and [1] and humidity between [0.9] and [1]",
			"Occurs at temperature between [0.9] and [1] and humidity between [0.2] and [0.9]",
			"Occurs at temperature between [0.8] and [0.9] and humidity between [0.6] and [0.9]",
			"Occurs at temperature between [0.7] and [0.8] and humidity between [0.7] and [0.9]",
			"Occurs at temperature between [0.6] and [0.8] and humidity between [0.4] and [0.6]",
			"[+3] to Fertility for Map Generation",
			"A Region is formed with at least [30]% [Grassland] tiles, with priority [7]",
			"A Region can not contain more [Plains] tiles than [Grassland] tiles",
			"Considered [Desirable] when determining start locations",
			"Considered [Food] when determining start locations <in [Jungle] Regions>",
			"Considered [Food] when determining start locations <in [Forest] Regions>",
			"Considered [Food] when determining start locations <in [Hill] Regions>",
			"Considered [Food] when determining start locations <in [Grassland] Regions>",
			"Considered [Food] when determining start locations <in [Hybrid] Regions>"]
	},
	{
		"name": "Plains",
		"type": "Land",
		"food": 1,
		"production": 1,
		"movementCost": 1,
		"RGB": [168,185,102],
		"uniques": ["Occurs at temperature between [-0.4] and [-0.1] and humidity between [0] and [0.2]",
			"Occurs at temperature between [-0.4] and [0.4] and humidity between [0.4] and [0.6]",
			"Occurs at temperature between [0.4] and [0.5] and humidity between [0.5] and [0.6]",
			"Occurs at temperature between [-0.6] and [0.7] and humidity between [0.8] and [0.9]",
			"Occurs at temperature between [-0.6] and [-0.5] and humidity between [0.9] and [1]",
			"Occurs at temperature between [0.5] and [0.7] and humidity between [0.7] and [0.8]",
			"Occurs at temperature between [0.9] and [1] and humidity between [0] and [0.2]",
			"Occurs at temperature between [0.8] and [0.9] and humidity between [0.2] and [0.6]",
			"Occurs at temperature between [0.7] and [0.8] and humidity between [0.3] and [0.4]",
			"Occurs at temperature between [0.6] and [0.8] and humidity between [0.6] and [0.7]",
			"Occurs at temperature between [0.5] and [0.7] and humidity between [0.7] and [0.8]",
			"[+4] to Fertility for Map Generation",
			"A Region is formed with at least [30]% [Plains] tiles, with priority [6]",
			"A Region can not contain more [Grassland] tiles than [Plains] tiles",
			"Considered [Desirable] when determining start locations",
			"Considered [Food] when determining start locations <in [Tundra] Regions>",
			"Considered [Food] when determining start locations <in [Desert] Regions>",
			"Considered [Food] when determining start locations <in [Hill] Regions>",
			"Considered [Food] when determining start locations <in [Plains] Regions>",
			"Considered [Food] when determining start locations <in [Hybrid] Regions>"]
	},
	{
		"name": "Tundra",
		"type": "Land",
		"food": 1,
		"movementCost": 1,
		"RGB": [189,204,191],
		"uniques": ["Occurs at temperature between [-0.9] and [-0.6] and humidity between [0.8] and [1]",
			"Occurs at temperature between [-0.8] and [-0.5] and humidity between [0.6] and [0.8]",
			"Occurs at temperature between [-0.7] and [-0.4] and humidity between [0.4] and [0.6]",
			"Occurs at temperature between [-0.6] and [-0.4] and humidity between [0.2] and [0.4]",
			"Occurs at temperature between [-0.5] and [-0.4] and humidity between [0] and [0.2]",
			"[+2] to Fertility for Map Generation",
			"A Region is formed with at least [30]% [Tundra] tiles and [Snow] tiles, with priority [1]",
			"Considered [Food] when determining start locations <in [Tundra] Regions>",
			"Considered [Desirable] when determining start locations <in [Tundra] Regions>"]
	},
	{
		"name": "Desert",
		"type": "Land",
		"gold": 2,
		"movementCost": 1,
		"RGB": [ 230, 230, 113],
		"uniques": ["Occurs at temperature between [-0.1] and [0.9] and humidity between [0] and [0.2]",
			"Occurs at temperature between [0.1] and [0.8] and humidity between [0.2] and [0.3]",
			"Occurs at temperature between [0.2] and [0.7] and humidity between [0.3] and [0.4]",
			"Occurs at temperature between [0.4] and [0.6] and humidity between [0.4] and [0.5]",
			"Occurs at temperature between [0.5] and [0.6] and humidity between [0.5] and [0.7]",
			"[+1] to Fertility for Map Generation",
			"A Region is formed with at least [25]% [Desert] tiles, with priority [4]",
			"Considered [Desirable] when determining start locations <in [Desert] Regions>"]
	},
	{
		"name": "Lakes",
		"type": "Water",
		"food": 2,
		"RGB": [ 123, 202, 226],
		"uniques": ["Fresh water",
			"Considered [Food] when determining start locations",
			"Considered [Desirable] when determining start locations"]
	},
	{
		"name": "Mountain",
		"type": "Land",
		"impassable": true,
		"unbuildable": true,
		"defenceBonus": 0.25,
		"RGB": [120, 120, 120],
		"uniques": ["Rough terrain",
			"Has an elevation of [4] for visibility calculations",
			"Occurs in chains at high elevations",
			"Units ending their turn on this terrain take [50] damage",
			"Always Fertility [-2] for Map Generation",
			"Considered [Undesirable] when determining start locations"]
	},
	{
		"name": "Snow",
		"type": "Land",
		"movementCost": 1,
		"RGB": [231, 242, 249],
		"uniques": ["Occurs at temperature between [-1] and [-0.9] and humidity between [0] and [1]",
			"Occurs at temperature between [-0.9] and [-0.8] and humidity between [0] and [0.8]",
			"Occurs at temperature between [-0.8] and [-0.7] and humidity between [0] and [0.6]",
			"Occurs at temperature between [-0.7] and [-0.6] and humidity between [0] and [0.4]",
			"Occurs at temperature between [-0.6] and [-0.5] and humidity between [0] and [0.2]",
			"Always Fertility [-1] for Map Generation",
			"Considered [Undesirable] when determining start locations",
			"Becomes [Tundra] when adjacent to [River]"]
	},

	// Terrain features
	{
		"name": "Hill",
		"type": "TerrainFeature",
		"production": 2,
		"movementCost": 2,
		"overrideStats": true,
		"defenceBonus": 0.25,
		"RGB": [105,125,72],
		"occursOn": ["Tundra","Plains","Grassland","Desert","Snow"],
		"uniques": ["Rough terrain",
			"[+5] Strength for cities built on this terrain",
			"Has an elevation of [2] for visibility calculations",
			"Occurs in groups around high elevations",
			"[+1] to Fertility for Map Generation",
			"A Region is formed with at least [40]% [Hill] tiles, with priority [5]",
			"Base Terrain on this tile is not counted for Region determination",
			"Considered [Desirable] when determining start locations",
			"Considered [Production] when determining start locations"]
	},
	{
		"name": "Forest",
		"type": "TerrainFeature",
		"production": 1,
		"food": 1,
		"movementCost": 2,
		"overrideStats": true,
		"unbuildable": true,
		"defenceBonus": 0.25,
		"occursOn": ["Tundra","Plains","Grassland","Hill"],
		"uniques": [
			"Rough terrain",
			"Provides a one-time Production bonus to the closest city when cut down",
			"Blocks line-of-sight from tiles at same elevation",
			"[25]% Chance to be destroyed by nukes",
			"A Region is formed with at least [30]% [Forest] tiles, with priority [3]",
			"A Region is formed with at least [35]% [Forest] tiles and [Jungle] tiles, with priority [3]",
			"A Region can not contain more [Jungle] tiles than [Forest] tiles",
			"Considered [Desirable] when determining start locations",
			"Considered [Production] when determining start locations",
			"Considered [Food] when determining start locations <in [Forest] Regions>",
			"Considered [Food] when determining start locations <in [Tundra] Regions>"
		]
	},
	{
		"name": "Jungle",
		"type": "TerrainFeature",
		"food": 2,
		"movementCost": 2,
		"overrideStats": true,
		"unbuildable": true,
		"defenceBonus": 0.25,
		"occursOn": ["Plains","Grassland"],
		"uniques": [
			"Rough terrain",
			"Provides a one-time Production bonus to the closest city when cut down",
			"Blocks line-of-sight from tiles at same elevation",
			"[25]% Chance to be destroyed by nukes",
			"[-1] to Fertility for Map Generation",
			"A Region is formed with at least [30]% [Jungle] tiles, with priority [2]",
			"A Region is formed with at least [35]% [Jungle] tiles and [Forest] tiles, with priority [2]",
			"A Region can not contain more [Forest] tiles than [Jungle] tiles",
			"Considered [Food] when determining start locations <in all except [Grassland] Regions>",
			"Considered [Desirable] when determining start locations <in all except [Grassland] Regions>"
		]
	},
	{
		"name": "Fallout",
		"type": "TerrainFeature",
		"movementCost": 2,
		"unbuildable": true,
		"uniques": ["Nullifies all other stats this tile provides", "Doesn't generate naturally"],
		// For map editor only - the generator won't place it without code or enabling uniques
		// If the map generator is ever updated to always take these into account, it should also take the "Doesn't generate naturally" unique into account
		"occursOn": ["Grassland","Plains","Desert","Tundra","Snow","Forest","Jungle","Hill","Oasis"],
		"defenceBonus": -0.15
	},
	{
		"name": "Oasis",
		"type": "TerrainFeature",
		"food": 3,
		"movementCost": 1,
		"unbuildable": true,
		"defenceBonus": -0.1,
		"occursOn": ["Desert"],
		"uniques": ["Fresh water", "Rare feature",
			"Only [All Road] improvements may be built on this tile",
			"Always Fertility [4] for Map Generation",
			"Considered [Food] when determining start locations",
			"Considered [Desirable] when determining start locations"]
	},
	{
		"name": "Ice",
		"type": "TerrainFeature",
		"impassable": true,
		"overrideStats": true,
		"occursOn": ["Ocean", "Coast"],
		"uniques": ["[-1] to Fertility for Map Generation",
			"Considered [Undesirable] when determining start locations"]
	},
	{
		"name": "Atoll",
		"type": "TerrainFeature",
		"movementCost": 1,
		"food": 1,
		"production": 1,
		"occursOn": ["Coast"],
		"uniques": ["Rare feature"]
	},
	{
        "name": "River",
        "type": "TerrainFeature",
        "production": 1,
        "movementCost": 0,
        "uniques": ["Doesn't generate naturally", "Excluded from map editor"]
    }
]