[
    {
        "name": "Home Base",
        "isNationalWonder": true,
        "production": 3,
        "science": 3,
        "gold": 3,
        "culture": 1,
        "cost": 1,
        "uniques": [
            "Indicates the capital city",
            "Free [Hero] appears <upon turn end> <with [50]% chance> <when above [9] [Kills]>",
            "Free [Villain] appears <upon turn end> <when above [9] [Kills]>"
        ]
    },
    {
		"name": "Seed of Madness",
		"cost": 1,
		"hurryCostModifier": 0,
		"uniques": [
            "Remove extra unhappiness from annexed cities",
            "Unsellable",
            "Never destroyed when the city is captured",
            "[+1 Happiness, +1 Production] [in this city] <when at war>"
        ]
	},

    {
        "name": "Pot",
        "food": 2,
        "uniques": [
            "Only available <after adopting [Life]>",
            "[40]% Food is carried over after population increases [in this city]"
        ],
        "maintenance": 1,
        "hurryCostModifier": 25,
        "requiredTech": "Roots"
    },

    {
        "name": "Crypt",
        "hurryCostModifier": 25,
        "production": 1,
		"uniques": [
            "Only available <after adopting [Death]>",
            "New [Military] units start with [15] Experience [in this city]",
            "Never destroyed when the city is captured"
        ],
        "maintenance": 1,
		"requiredTech": "Morbidity"
    },

    {
        "name": "Braintree",
        "hurryCostModifier": 25,
        "uniques": [
            "Only available <after adopting [Life]>",
            "[+1 Science] per [2] population [in this city]"
        ],
        "maintenance": 1,
        "requiredTech": "Stems"
    },
    {
        "name": "Brain Lunch",
        "hurryCostModifier": 25,
        "uniques": [
            "Only available <after adopting [Death]>",
            "[+1 Science] per [2] population [in this city]"
        ],
        "maintenance": 1,
        "requiredTech": "Decay"
    },

    {
        "name": "Briar Patch",
        "hurryCostModifier": 25,
        "cityStrength": 5,
        "cityHealth": 50,
        "uniques": [
            "Only available <after adopting [Life]>"
        ],
        "requiredTech": "Thorns"
    },
    {
        "name": "Cemetery",
        "hurryCostModifier": 25,
        "cityStrength": 5,
        "cityHealth": 50,
        "uniques": [
            "Only available <after adopting [Death]>"
        ],
        "requiredTech": "Putrefaction"
    },


    {
        "name": "Tree of Death",
        "hurryCostModifier": 25,
        "cityStrength": 10,
		"cityHealth": 25,
        "uniques": [
            "New [Military] units start with [15] Experience [in this city]"
        ],
        "maintenance": 1,
        "requiredTech": "Decomposition"
    },


    {
        "name": "Tree of Life",
        "hurryCostModifier": 25,
        "happiness": 2,
        "culture": 2,
        "food": 2,
        "uniques": [
            "Only available <after adopting [Life]>"
        ],
        "maintenance": 2,
        "requiredTech": "Fruits"
    }
]
