[
    {
        "name": "extra culture",
        "notification": "We have gained [cultureAmount] culture from the camp!",
        "uniques": ["Gain [20]-[30] [Culture]"]
    },
    {
        "name": "free technology",
        "notification": "We have learned the technology of [techName] from the camp!",
        "uniques": ["[1] free random researchable Tech(s) from the [Seed era]"]
    },
    {
        "name": "extra science",
        "notification": "We have gained [scienceAmount] science from the camp!",
        "uniques": ["Gain [50]-[100] [Science]"]
    },
    {
        "name": "free worker",
        "notification": "A [Worker] from the camp has joined us!",
        "uniques": ["Free [Worker] found in the ruins"]
    },
    {
        "name": "free grunt",
        "notification": "A [Grunt] from the camp has joined us!",
        "uniques": ["Free [Grunt] found in the ruins"]
    },
    {
        "name": "free xp",
        "notification": "Our unit has gained XP from the camp!",
        "uniques": ["This Unit gains [10] XP"]
    },
    {
        "name": "free population",
        "notification": "[cityName] has gained population from the camp!",
        "uniques": ["[+1] population in a random city"]
    },
    {
        "name": "extra sunshine",
        "notification": "We have gained [goldAmount] Sunshine from the camp!",
        "uniques": ["Gain [50]-[100] [Gold]"]
    },
    {
        "name": "advanced weaponry for your explorer",
        "notification": "Our unit finds advanced weaponry in the camp!",
        "uniques": ["This Unit upgrades for free including special upgrades"]
    },
    {
        "name": "reveal nearby Barbarian camps",
        "notification": "You find evidence of Barbarian activity. Nearby Barbarian camps are revealed!",
        "uniques": ["Reveal up to [All] [Barbarian encampment] within a [10] tile radius"]
    },
    {
        "name": "find a crudely-drawn map",
        "notification": "We have found a crudely-drawn map in the camp!",
        "uniques": [
            "From a randomly chosen tile [4] tiles away from the ruins, reveal tiles up to [4] tiles away with [80]% chance"
        ]
    }
]