[
	// Base terrains
	{
		"name": "Ocean", // deep end
		"type": "Water",
		"movementCost": 1,
		"RGB": [43, 87, 151],
		"uniques": ["Fresh water"]
	},
	{
		"name": "Coast", // shallow end
		"type": "Water",
		"movementCost": 1,
		"RGB": [70, 138, 216],
		"uniques": [
			"Fresh water",
			"[+2] to Fertility for Map Generation",
			"Considered [Food] when determining start locations",
            "Considered [Desirable] when determining start locations",
            "Every [60] tiles with this terrain will receive a major deposit of a strategic resource."
		]
	},
	{
		"name": "Street",
		"type": "Land",
		"movementCost": 1,
        "RGB": [0, 163, 0],
        "uniques": ["Occurs at temperature between [-0.4] and [0.1] and humidity between [0.2] and [0.4]",
            "Occurs at temperature between [0.1] and [0.2] and humidity between [0.3] and [0.4]",
            "Occurs at temperature between [-0.5] and [0.5] and humidity between [0.6] and [0.8]",
            "Occurs at temperature between [-0.5] and [1] and humidity between [0.9] and [1]",
            "Occurs at temperature between [0.9] and [1] and humidity between [0.2] and [1]",
            "Occurs at temperature between [0.8] and [0.9] and humidity between [0.6] and [1]",
            "Occurs at temperature between [0.7] and [0.8] and humidity between [0.7] and [1]",
            "Occurs at temperature between [0.6] and [0.8] and humidity between [0.4] and [0.6]",
            "[+3] to Fertility for Map Generation",
            "A Region is formed with at least [30]% [Street] tiles, with priority [7]",
            "A Region can not contain more [Grassland] tiles than [Street] tiles",
            "Considered [Desirable] when determining start locations",
            "Considered [Food] when determining start locations <in [Broken House] Regions>",
            "Considered [Food] when determining start locations <in [House] Regions>",
            "Considered [Food] when determining start locations <in [Hill] Regions>",
            "Considered [Food] when determining start locations <in [Grassland] Regions>",
            "Considered [Food] when determining start locations <in [Hybrid] Regions>",
            "Every [33] tiles with this terrain will receive a major deposit of a strategic resource."
			]
    },
	{
		"name": "Plains", // rename to dirt
		"type": "Land",
		"movementCost": 1,
		"RGB": [153, 180, 51],
		"uniques": ["Occurs at temperature between [-0.4] and [-0.1] and humidity between [0] and [0.2]",
            "Occurs at temperature between [-0.4] and [0.4] and humidity between [0.4] and [0.6]",
            "Occurs at temperature between [0.4] and [0.5] and humidity between [0.5] and [0.6]",
            "Occurs at temperature between [-0.6] and [0.7] and humidity between [0.8] and [0.9]",
            "Occurs at temperature between [-0.6] and [-0.5] and humidity between [0.9] and [1]",
            
            "[+5] to Fertility for Map Generation",
            "A Region is formed with at least [40]% [Grassland] tiles, with priority [6]",
            "A Region can not contain more [Plains] tiles than [Street] tiles",
            "Considered [Desirable] when determining start locations",
            "Considered [Food] when determining start locations <in [Tundra] Regions>",
            "Considered [Food] when determining start locations <in [Desert] Regions>",
            "Considered [Food] when determining start locations <in [Hill] Regions>",
			"Considered [Food] when determining start locations <in [Plains] Regions>",
            "Considered [Food] when determining start locations <in [Hybrid] Regions>",
            "Every [33] tiles with this terrain will receive a major deposit of a strategic resource."
			//"Becomes [Street] when adjacent to [Mountain]",
			//"Becomes [Street] when adjacent to [House]",
			]
	},
	{
		"name": "Grassland", // rename to Grass
		"type": "Land",
		"movementCost": 1,
		"RGB": [153, 180, 51],
		"uniques": [
            "Occurs at temperature between [0.9] and [1] and humidity between [0] and [0.2]",
            "Occurs at temperature between [0.8] and [0.9] and humidity between [0.2] and [0.6]",
            "Occurs at temperature between [0.7] and [0.8] and humidity between [0.3] and [0.4]",
            "Occurs at temperature between [0.6] and [0.8] and humidity between [0.6] and [0.7]",
            "Occurs at temperature between [0.5] and [0.7] and humidity between [0.7] and [0.8]",
            "[+4] to Fertility for Map Generation",
            "A Region is formed with at least [30]% [Plains] tiles, with priority [5]",
            "A Region can not contain more [Plains] tiles than [Street] tiles",
            "Considered [Desirable] when determining start locations",
            "Considered [Food] when determining start locations <in [Tundra] Regions>",
            "Considered [Food] when determining start locations <in [Desert] Regions>",
            "Considered [Food] when determining start locations <in [Hill] Regions>",
			"Considered [Food] when determining start locations <in [Plains] Regions>",
            "Considered [Food] when determining start locations <in [Hybrid] Regions>",
            "Every [33] tiles with this terrain will receive a major deposit of a strategic resource."
			//"Becomes [Street] when adjacent to [Mountain]",
			//"Becomes [Street] when adjacent to [House]",
			]
	},
	{
		"name": "Tundra", // rename to Astro turf
		"type": "Land",
		"food": 1,
		"movementCost": 1,
		"RGB": [124, 62, 57],
		"uniques": ["Occurs at temperature between [-0.9] and [-0.6] and humidity between [0.8] and [1]",
            "Occurs at temperature between [-0.8] and [-0.5] and humidity between [0.6] and [0.8]",
            "Occurs at temperature between [-0.7] and [-0.4] and humidity between [0.4] and [0.6]",
            "Occurs at temperature between [-0.6] and [-0.4] and humidity between [0.2] and [0.4]",
            "Occurs at temperature between [-0.5] and [-0.4] and humidity between [0] and [0.2]",
            "[+2] to Fertility for Map Generation",
            "A Region is formed with at least [30]% [Tundra] tiles and [Snow] tiles, with priority [1]",
            "Considered [Food] when determining start locations <in [Tundra] Regions>",
            "Considered [Desirable] when determining start locations <in [Tundra] Regions>",
            "Every [16] tiles with this terrain will receive a major deposit of a strategic resource."]
	},
	{
		"name": "Desert", // rename to gravel
		"type": "Land",
		"movementCost": 1,
		"RGB": [230, 172, 0],
		"uniques": ["Occurs at temperature between [-0.1] and [0.9] and humidity between [0] and [0.2]",
            "Occurs at temperature between [0.1] and [0.8] and humidity between [0.2] and [0.3]",
            "Occurs at temperature between [0.2] and [0.7] and humidity between [0.3] and [0.4]",
            "Occurs at temperature between [0.4] and [0.6] and humidity between [0.4] and [0.5]",
            "Occurs at temperature between [0.5] and [0.6] and humidity between [0.5] and [0.7]",
            "[+1] to Fertility for Map Generation",
            "A Region is formed with at least [25]% [Desert] tiles, with priority [4]",
            "Considered [Undesirable] when determining start locations <in all except [Desert] Regions>",
            "Every [13] tiles with this terrain will receive a major deposit of a strategic resource."]
	},
	
	{
		"name": "Apartment Building",
		"type": "Land",
		"impassable": true,
		"unbuildable": true,
		"defenceBonus": 0.25,
		"RGB": [102, 102, 102],
		"uniques": ["Rough terrain",
            "Has an elevation of [3] for visibility calculations",
			"Units ending their turn on this terrain take [50] damage",
            "Occurs in chains at high elevations",
            "Always Fertility [+2] for Map Generation",
            "Considered [Undesirable] when determining start locations"]
	},
	{
		"name": "Unlocked Apartment",
		"type": "Land",
		"movementCost": 2,
		"unbuildable": true,
		"defenceBonus": 0.25,
		"RGB": [100, 100, 100],
		"uniques": [
			"Rough terrain",
			"Only [All Road] improvements may be built on this tile",
			"Indoor",
            "Has an elevation of [3] for visibility calculations",
			"[-1] Sight",
			"Doesn't generate naturally"
		]
	},
	{
		"name": "Snow",
		"type": "Land",
		"movementCost": 1,
		"RGB": [230, 238, 255], //Darker229, 229, 255
		"uniques": [
            "Occurs at temperature between [-1] and [-0.9] and humidity between [0] and [1]",
            "Occurs at temperature between [-0.9] and [-0.8] and humidity between [0] and [0.8]",
            "Occurs at temperature between [-0.8] and [-0.7] and humidity between [0] and [0.6]",
            "Occurs at temperature between [-0.7] and [-0.6] and humidity between [0] and [0.4]",
            "Occurs at temperature between [-0.6] and [-0.5] and humidity between [0] and [0.2]",
            "Always Fertility [-1] for Map Generation",
            "Considered [Undesirable] when determining start locations",
            "Every [17] tiles with this terrain will receive a major deposit of a strategic resource.",
            "Never receives any resources <in [Hill] tiles>"]
	},

	// Terrain features
	{ 
		"name": "Hill",
		"type": "TerrainFeature",
		"movementCost": 2,
		"overrideStats": true,
		"defenceBonus": 0.25,
		"RGB": [105,125,72],
		"occursOn": ["Street","Tundra","Plains","Grassland","Desert","Snow"],
		"uniques": ["Rough terrain",
					"[+5] Strength for cities built on this terrain",
					"Has an elevation of [1] for visibility calculations",
					"Occurs in groups around high elevations",
					"[-1] to Fertility for Map Generation",
					"A Region is formed with at least [40]% [Hill] tiles, with priority [5]",
					"Base Terrain on this tile is not counted for Region determination",
					"Considered [Desirable] when determining start locations",
					"Considered [Production] when determining start locations",
					"Every [22] tiles with this terrain will receive a major deposit of a strategic resource."]
	},
	{
		"name": "Mud",
		"type": "TerrainFeature",
		"movementCost": 4,
		"unbuildable": true,
		"defenceBonus": -0.15,
		"occursOn": ["Plains","Hill"],
		"uniques": ["Rough terrain", "Vegetation",
					"[+3] to Fertility for Map Generation",
					"Every [10] tiles with this terrain will receive a major deposit of a strategic resource."
					]
	},
	{
		"name": "Rocks",
		"type": "TerrainFeature",
		"movementCost": 1,
		"unbuildable": true,
		"occursOn": ["Street","Tundra","Plains","Grassland","Desert","Snow","Hill","Mud"],
		"uniques": ["Rough terrain", "Vegetation",
					"[+6] to Fertility for Map Generation",
					"Every [3] tiles with this terrain will receive a major deposit of a strategic resource.",
					"Provides a one-time Production bonus to the closest city when cut down"
					]
	},
	{
		"name": "Abandoned Fountain",
		"type": "TerrainFeature",
		"movementCost": 2,
		"unbuildable": true,
		"occursOn": ["Street","Hill"],
		"uniques": ["Rare feature",
			"Fresh water",
			"[-2] to Fertility for Map Generation",
			"Every [3] tiles with this terrain will receive a major deposit of a strategic resource."
		]
	},
	{
		"name": "Abandoned Site",
		"type": "TerrainFeature",
		"movementCost": 1,
		"unbuildable": true,
		"occursOn": ["Street","Hill"],
		"uniques": ["Rare feature",
					"[+5] to Fertility for Map Generation",
					"Every [3] tiles with this terrain will receive a major deposit of a strategic resource."
					]
	},
	{
		"name": "Abandoned Garden",
		"type": "TerrainFeature",
		"movementCost": 1,
		"unbuildable": true,
		"occursOn": ["Street","Hill"],
		"uniques": ["Rare feature",
					"[-1] to Fertility for Map Generation",
					"Every [3] tiles with this terrain will receive a major deposit of a strategic resource."
					]
	},
	{
		"name": "Abandoned Market",
		"type": "TerrainFeature",
		"movementCost": 1,
		"unbuildable": true,
		"occursOn": ["Street","Hill"],
		"uniques": ["Rare feature",
					"[+3] to Fertility for Map Generation",
					"Every [3] tiles with this terrain will receive a major deposit of a strategic resource."
					]
	},
	{
		"name": "Rubble",
		"type": "TerrainFeature",
		"movementCost": 2,
		"unbuildable": true,
		"occursOn": ["Desert","Hill"],
		"uniques": ["Rough terrain", "Vegetation",
					"[+4] to Fertility for Map Generation",
					"Every [9] tiles with this terrain will receive a major deposit of a strategic resource.",
					"Provides a one-time Production bonus to the closest city when cut down"
					]
	},
	{
		"name": "Forest", // change to Trees
		"type": "TerrainFeature",
		"production": 1,
		"movementCost": 2,
		"unbuildable": true,
		"defenceBonus": 0.25,
		"occursOn": ["Grassland","Plains","Tundra","Hill"],
		"uniques": ["Rough terrain", "Vegetation",
					"Blocks line-of-sight from tiles at same elevation",
					"[25]% Chance to be destroyed by nukes",
					"[+4] to Fertility for Map Generation",
					"A Region is formed with at least [60]% [Forest] tiles, with priority [4]",
					"A Region is formed with at least [55]% [Forest] tiles and [Tall Grass] tiles, with priority [4]",
					"A Region can not contain more [Tall Grass] tiles than [Forest] tiles",
					"Considered [Desirable] when determining start locations",
					"Considered [Production] when determining start locations",
					"Considered [Food] when determining start locations <in [Forest] Regions>",
					"Considered [Food] when determining start locations <in [Tundra] Regions>",
					"Every [39] tiles with this terrain will receive a major deposit of a strategic resource."
					]
	},
	{
		"name": "Tall Grass",
		"type": "TerrainFeature",
		"food": 1,
		"movementCost": 2,
		"unbuildable": true,
		"defenceBonus": 0.25,
		"occursOn": ["Grassland","Plains"],
		"uniques": [
			"Vegetation",
			"Blocks line-of-sight from tiles at same elevation",
			"[50]% Chance to be destroyed by nukes",
			"[+3] to Fertility for Map Generation",
			"A Region is formed with at least [60]% [Tall Grass] tiles, with priority [3]",
			"A Region is formed with at least [50]% [Tall Grass] tiles and [Forest] tiles, with priority [3]",
			"Considered [Food] when determining start locations",
			"Considered [Food] when determining start locations <in [Tall Grass] Regions>",
			"Considered [Food] when determining start locations <in [Tundra] Regions>",
			"A Region can not contain more [Forest] tiles than [Tall Grass] tiles",
			"Every [33] tiles with this terrain will receive a major deposit of a strategic resource."
		]
	},
	{
		"name": "Facility",
		"type": "TerrainFeature",
		"food": 1,
		"production": 1,
		"movementCost": 2,
		"overrideStats": true,
		"unbuildable": true,
		"defenceBonus": 0.25,
		"occursOn": ["Street","Hill"],
		"uniques": ["Rough terrain", "Vegetation", "Indoor",
					"Blocks line-of-sight from tiles at same elevation",
					"A Region is formed with at least [20]% [Facility] tiles, with priority [7]",
					"A Region can not contain more [Facility] tiles than [House] tiles",
					"A Region can not contain more [Facility] tiles than [Broken House] tiles",
					"[25]% Chance to be destroyed by nukes",
					"Always Fertility [2] for Map Generation",
					"Considered [Desirable] when determining start locations",
					"Every [20] tiles with this terrain will receive a major deposit of a strategic resource."
					],
		"civilopediaText": [{"text":"A Camp can be built here without cutting it down", "link":"Improvement/Camp"}]
	},
	{
		"name": "House",
		"type": "TerrainFeature",
		"food": 2,
		"movementCost": 2,
		"overrideStats": true,
		"unbuildable": true,
		"defenceBonus": 0.25,
		"occursOn": ["Street","Hill"],
		"uniques": ["Rough terrain", "Vegetation", "Indoor",
					"Blocks line-of-sight from tiles at same elevation",
					"[25]% Chance to be destroyed by nukes",
					"Always Fertility [10] for Map Generation",
					"A Region is formed with at least [90]% [House] tiles, with priority [8]",
					"A Region is formed with at least [90]% [House] tiles and [Broken House] tiles, with priority [6]",
					"A Region can not contain more [Broken House] tiles than [House] tiles",
					"Considered [Desirable] when determining start locations",
					"Considered [Food] when determining start locations",
					"Considered [Food] when determining start locations <in [House] Regions>",
					"Considered [Food] when determining start locations <in [Tundra] Regions>",
					"Every [39] tiles with this terrain will receive a major deposit of a strategic resource."
					],
		"civilopediaText": [{"text":"A Camp can be built here without cutting it down", "link":"Improvement/Camp"}]
	},
	{
		"name": "Broken House",
		"type": "TerrainFeature",
		"food": 1,
		"movementCost": 2,
		"overrideStats": true,
		"unbuildable": true,
		"defenceBonus": 0.25,
		"occursOn": ["Street","Hill"],
		"uniques": [
			"Rough terrain", "Vegetation", "Indoor",
			"Blocks line-of-sight from tiles at same elevation",
			"[25]% Chance to be destroyed by nukes",
			"Always Fertility [9] for Map Generation",
			"A Region is formed with at least [80]% [Broken House] tiles, with priority [5]",
			"A Region is formed with at least [75]% [Broken House] tiles and [House] tiles, with priority [5]",
			"A Region can not contain more [House] tiles than [Broken House] tiles",
			"Considered [Food] when determining start locations <in all except [Grassland] Regions>",
			"Considered [Desirable] when determining start locations <in all except [Grassland] Regions>",
			"Every [39] tiles with this terrain will receive a major deposit of a strategic resource."
		]
	},
	{
		"name": "Fallout",
		"type": "TerrainFeature",
		"movementCost": 2,
		"unbuildable": true,
		"uniques": ["Nullifies all other stats this tile provides", "Doesn't generate naturally"],
		// For map editor only - the generator won't place it without code or enabling uniques
		// If the map generator is ever updated to always take these into account, it should also take the "Doesn't generate naturally" unique into account
		"occursOn": ["Grassland","Plains","Desert","Tundra","Snow","House","Broken House","Hill"],
		"defenceBonus": -0.15
	},

    // Virtual River entry, used for stats, Uniques and Civilopedia
    // Modders take heed:
    // * This never exists on the map, it's a placeholder to allow you to mod the actual river's stats.
    // * The name is hardcoded to apply stats and the Stats Unique when a tile has one or more edges with an actual river.
    // * No other Unique is implemented and will work - for now.
    {
        "name": "River",
        "type": "TerrainFeature",
        "gold": 1,
        "movementCost": 0,  // So Civilopedia won't display a cost of 1
        "uniques": ["Doesn't generate naturally", "Excluded from map editor"]
    },

	{
		"name": "Water park",
		"type": "TerrainFeature",
		"movementCost": 1,
		"food": 1,
		"production": 1,
		"occursOn": ["Coast"],
		"uniques": ["Rare feature"]
	}

    // Natural Wonders
]