[	
	{
		"name": "Kills",
		"resourceType": "Strategic",
		"uniques": [
			"Stockpiled",
			"Doesn't generate naturally",
			"Excluded from map editor"
		]
	},
	//Rooms
	{
		"name": "Kitchen",
		"resourceType": "Bonus",
		"terrainsCanBeFoundOn": ["House","Broken House"],
		"production": 1,
		"improvement": "Salvage site",
		"improvementStats": {"production": 1},
		"uniques": [
			"Generated on every [14] tiles <in [House] tiles>",
			"Generated on every [14] tiles <in [Broken House] tiles>"
		]
	},
	{
		"name": "Living Room",
		"resourceType": "Bonus",
		"terrainsCanBeFoundOn": ["House","Broken House"],
		"production": 1,
		"improvement": "Salvage site",
		"improvementStats": {"production": 1},
		"uniques": [
			"Generated on every [14] tiles <in [House] tiles>",
			"Generated on every [14] tiles <in [Broken House] tiles>"
		]
	},
	{
		"name": "Restaurant",
		"resourceType": "Bonus",
		"terrainsCanBeFoundOn": ["House","Broken House"],
		"production": 1,
		"improvement": "Salvage site",
		"improvementStats": {"production": 1},
		"uniques": [
			"Generated on every [20] tiles <in [House] tiles>",
			"Generated on every [20] tiles <in [Broken House] tiles>"
		]
	},
	{
		"name": "Police Station",
		"resourceType": "Bonus",
		"terrainsCanBeFoundOn": ["Facility"],
		"production": 1,
		"improvement": "Salvage site",
		"improvementStats": {"production": 1},
		"uniques": [
			"Generated on every [14] tiles <in [Facility] tiles>"
		]
	},
	{
		"name": "Convenience Store",
		"resourceType": "Bonus",
		"terrainsCanBeFoundOn": ["Facility"],
		"production": 1,
		"improvement": "Salvage site",
		"improvementStats": {"production": 1},
		"uniques": [
			"Generated on every [10] tiles <in [Facility] tiles>"
		]
	},
	{
		"name": "Trash",
		"resourceType": "Bonus",
		"terrainsCanBeFoundOn": ["Street", "Facility", "House", "Broken House","Hill"],
		"improvement": "Salvage site",
		"improvementStats": {"production": 1},
		"uniques": [
					"Generated on every [18] tiles <in [{Featureless} {Street}] tiles>",
					"Generated on every [22] tiles <in [Street] tiles> <in [Hill] Regions>",
					"Generated on every [14] tiles <in [House] tiles>",
					"Generated on every [14] tiles <in [House] tiles> <in [Hill] Regions>",
					"Generated on every [10] tiles <in [Broken House] tiles>",
					"Generated on every [10] tiles <in [Broken House] tiles> <in [Hill] Regions>",
					"Generated on every [8] tiles <in [Facility] tiles>"
					]
	},
	
	// Bonus resources
	
	{
		"name": "Bananas",
		"resourceType": "Bonus",
		"terrainsCanBeFoundOn": ["Broken House"],
		"food": 1,
		"improvement": "Plantation",
		"improvementStats": {"food": 2,"production": -1,"gold": -1},
		"uniques": ["Generated on every [14] tiles <in [Broken House] tiles>",
					"Generated on every [16] tiles <in [Broken House] tiles> <in [Hill] Regions>"]
	},
	{
		"name": "Corn",
		"resourceType": "Bonus",
		"terrainsCanBeFoundOn": ["Tall Grass"],
		"food": 1,
		"improvement": "Plantation",
		"improvementStats": {"food": 1,"production": 1},
		"uniques": ["Generated on every [10] tiles <in [Tall Grass] tiles>"]
	},
	{
		"name": "Metals",
		"resourceType": "Bonus",
		"terrainsCanBeFoundOn": ["Rocks"],
		"production": 1,
		"improvement": "Salvage site",
		"improvementStats": {"production": 1},
		"uniques": ["Generated on every [5] tiles <in [Rocks] tiles>",
					"Generated on every [2] tiles <in [Rocks] tiles> <in [Hill] Regions>"]
	}
]

