[
	{
		"name": "Heal Instantly",
		"uniques": [
			"Heal this unit by [50] HP",
			"Doing so will consume this opportunity to choose a Promotion"
		],
		"unitTypes": [
			"Melee Plant",
			"Ranged Plant",
			"Heavy Plant",
			"Siege Plant",
			"Melee Undead",
			"Ranged Undead",
			"Heavy Undead",
			"Siege Undead",
			"Melee Water Undead",
			"Ranged Water Undead",
			"Submarine Undead",
			"Melee Water Plant",
			"Ranged Water Plant",
			"Submarine Plant",
			"Fighter Undead",
			"Bomber Undead",
			"Floating Melee Undead",
			"Floating Ranged Undead",
			"Fighter Plant",
			"Bomber Plant",
			"Floating Melee Plant",
			"Floating Ranged Plant"
		]
	},

	// Melee promotions

	{
		"name": "Shock",
		"uniques": ["[+15]% Strength <when fighting in [Open terrain] tiles>"],
		"unitTypes": [
			"Melee Plant",
			"Melee Undead",
			"Heavy Plant",
			"Heavy Undead"
		]
	},
	{
		"name": "Drill",
		"uniques": ["[+15]% Strength <when fighting in [Rough terrain] tiles>"],
		"unitTypes": [
			"Melee Plant",
			"Melee Undead",
			"Heavy Plant",
			"Heavy Undead"
		]
	},

	// Ranged promotions

	{
		"name": "Accuracy",
		"uniques": ["[+15]% Strength <when fighting in [Open terrain] tiles> <when attacking>"],
		"unitTypes": [
			"Ranged Plant",
			"Ranged Undead",
			"Siege Plant",
			"Siege Undead"
		]
    },
	{
		"name": "Barrage",
		"uniques": ["[+15]% Strength <when fighting in [Rough terrain] tiles> <when attacking>"],
		"unitTypes": [
			"Ranged Plant",
			"Ranged Undead",
			"Siege Plant",
			"Siege Undead"
		]
    },

	{
		"name": "Silver Bullet",
		"uniques": ["[+15]% Strength <vs [Undead] units>"],
		"unitTypes": [
			"Bomber Plant",
			"Fighter Plant",
			"Floating Melee Plant",
			"Floating Ranged Plant",
			"Heavy Plant",
			"Melee Plant",
			"Melee Water Plant",
			"Ranged Plant",
			"Ranged Water Plant",
			"Siege Plant",
			"Submarine Plant",
			"Bomber Undead",
			"Fighter Undead",
			"Floating Melee Undead",
			"Floating Ranged Undead",
			"Heavy Undead",
			"Melee Undead",
			"Melee Water Undead",
			"Ranged Undead",
			"Ranged Water Undead",
			"Siege Undead",
			"Submarine Undead"
		]
	},
	{
		"name": "Herbicide",
		"uniques": ["[+15]% Strength <vs [Plant] units>"],
		"unitTypes": [
			"Bomber Plant",
			"Fighter Plant",
			"Floating Melee Plant",
			"Floating Ranged Plant",
			"Heavy Plant",
			"Melee Plant",
			"Melee Water Plant",
			"Ranged Plant",
			"Ranged Water Plant",
			"Siege Plant",
			"Submarine Plant",
			"Bomber Undead",
			"Fighter Undead",
			"Floating Melee Undead",
			"Floating Ranged Undead",
			"Heavy Undead",
			"Melee Undead",
			"Melee Water Undead",
			"Ranged Undead",
			"Ranged Water Undead",
			"Siege Undead",
			"Submarine Undead"
		]
	},

	{
		"name": "Piggyback I",
		"uniques": ["Can carry [2] [Air] units"],
		"unitTypes": [
			"Ranged Water Plant",
			"Ranged Water Undead",
			"Siege Plant",
			"Siege Undead",
			"Submarine Plant",
			"Submarine Undead"
		]
	},
	{
		"name": "Piggyback II",
		"uniques": ["Can carry [2] extra [Air] units"],
		"prerequisites": ["Piggyback I"],
		"unitTypes": [
			"Ranged Water Plant",
			"Ranged Water Undead",
			"Siege Plant",
			"Siege Undead",
			"Submarine Plant",
			"Submarine Undead"
		]
	},

	{
		"name": "Over the Fence",
		"uniques": ["Ranged attacks may be performed over obstacles"],
		"unitTypes": [
			"Floating Ranged Plant",
			"Floating Ranged Undead",
			"Ranged Plant",
			"Ranged Undead",
			"Ranged Water Plant",
			"Ranged Water Undead",
			"Siege Plant",
			"Siege Undead"
		]
	},

	{
		"name": "Off-Road",
		"uniques": [
			"Ignores terrain cost",
			"No defensive terrain penalty"
		],
		"unitTypes": [
			"Melee Plant",
			"Melee Undead",
			"Ranged Plant",
			"Ranged Undead"
		]
	},



	{
		"name": "The Quick and the Dead",
		"uniques": [
			"[+1] Movement",
			"Withdraws before melee combat <with [75]% chance>"
		],
		"unitTypes": [
			"Floating Melee Undead",
			"Floating Ranged Undead",
			"Melee Undead",
			"Ranged Undead"
		]
	},
	{
		"name": "Leaf on the Wind",
		"uniques": [
			"[+1] Movement",
			"Withdraws before melee combat <with [75]% chance>"
		],
		"unitTypes": [
			"Floating Melee Plant",
			"Floating Ranged Plant",
			"Melee Plant",
			"Ranged Plant"
		]
	},
	{
		"name": "On the Move",
		"prerequisites": ["The Quick and the Dead","Leaf on the Wind"],
		"uniques": [
			"[+1] Movement",
			"Ignores Zone of Control",
			"Can move after attacking"
		],
		"unitTypes": [
			"Floating Melee Plant",
			"Floating Melee Undead",
			"Floating Ranged Plant",
			"Floating Ranged Undead",
			"Melee Plant",
			"Melee Undead",
			"Ranged Plant",
			"Ranged Undead"
		]
	},



	{
		"name": "Sixth Sense I",
		"uniques": [
			"Can see over obstacles",
			"[+1] Sight"
		],
		"unitTypes": [
			"Melee Plant",
			"Ranged Plant",
			"Heavy Plant",
			"Siege Plant",
			"Melee Undead",
			"Ranged Undead",
			"Heavy Undead",
			"Siege Undead",
			"Melee Water Undead",
			"Ranged Water Undead",
			"Submarine Undead",
			"Melee Water Plant",
			"Ranged Water Plant",
			"Submarine Plant",
			"Fighter Undead",
			"Bomber Undead",
			"Floating Melee Undead",
			"Floating Ranged Undead",
			"Fighter Plant",
			"Bomber Plant",
			"Floating Melee Plant",
			"Floating Ranged Plant"
		]
	},
	{
		"name": "Sixth Sense II",
		"prerequisites": ["Sixth Sense I"],
		"uniques": [
			"Can see invisible [non-air] units",
			"[+1] Sight"
		],
		"unitTypes": [
			"Melee Plant",
			"Ranged Plant",
			"Heavy Plant",
			"Siege Plant",
			"Melee Undead",
			"Ranged Undead",
			"Heavy Undead",
			"Siege Undead",
			"Melee Water Undead",
			"Ranged Water Undead",
			"Submarine Undead",
			"Melee Water Plant",
			"Ranged Water Plant",
			"Submarine Plant",
			"Fighter Undead",
			"Bomber Undead",
			"Floating Melee Undead",
			"Floating Ranged Undead",
			"Fighter Plant",
			"Bomber Plant",
			"Floating Melee Plant",
			"Floating Ranged Plant"
		]
	},

	{
		"name": "Into Shadow",
		"uniques": [
			"Invisible to non-adjacent units <in [Rough terrain] tiles>",
			"Double movement in [Rough terrain]"
		],
		"unitTypes": [
			"Melee Undead",
			"Ranged Undead",
			"Heavy Undead",
			"Siege Undead",
			"Floating Melee Undead",
			"Floating Ranged Undead"
		]
	},

	{
		"name": "Solar Power",
		"uniques": [
			"Gain [1] [Gold] <upon ending a turn in a [Open terrain] tile>",
			"Only available <after adopting [Luminosity]>",
			"This Promotion is free"
		],
		"unitTypes": [
			"Melee Plant",
			"Ranged Plant",
			"Heavy Plant",
			"Siege Plant",
			"Melee Water Plant",
			"Ranged Water Plant",
			"Submarine Plant",
			"Floating Melee Plant",
			"Floating Ranged Plant",
			"Civilian"
		]
	},
	{
		"name": "Regeneration",
		"uniques": [
			"Heal this unit by [5] HP <upon losing at least [15] HP in a single attack>",
			"Heal this unit by [5] HP <upon losing at least [30] HP in a single attack>",
			"Only available <after adopting [The Dead Don't Die]>",
			"This Promotion is free"
		],
		"unitTypes": [
			"Melee Undead",
			"Ranged Undead",
			"Heavy Undead",
			"Siege Undead",
			"Melee Water Undead",
			"Ranged Water Undead",
			"Submarine Undead",
			"Fighter Undead",
			"Bomber Undead",
			"Floating Melee Undead",
			"Floating Ranged Undead"
		]
	},

	{
		"name": "Kill Count",
		"uniques": [
			"Instantly provides [1] [Kills] <upon defeating a [Military] unit>",
			"Instantly provides [1] [Kills] <upon being defeated>"
		]
	}
]