[	
	{
		"name": "Settler",
		"unitType": "Civilian",
		"movement": 3,
		"cost": 50,
		"uniques": [
			"Founds a new city <by consuming this unit>",
			"Uncapturable",
			"Free [Settler] appears <upon being defeated> <with [25]% chance>"
		]
	},
	{
		"name": "Worker",
		"unitType": "Civilian",
		"movement": 3,
		"hurryCostModifier": 20,
		"uniques": [
			"Can build [Land] improvements on tiles",
			"Can build [Water] improvements on tiles",
			"Automation is a primary action"
		],
		"cost": 20
	},
	{
		"name": "Grunt",
		"unitType": "Melee Plant",
		"movement": 3,
		"strength": 8,
		"cost": 20,
		"attackSound": "nonmetalhit"
	},
	{
		"name": "Sapling",
		"uniqueTo": "Treefolk",
		"replaces": "Grunt",
		"unitType": "Melee Plant",
		"movement": 3,
		"strength": 8,
		"cost": 20,
		"attackSound": "nonmetalhit"
	},
	{
		"name": "Button",
		"uniqueTo": "Myconoids",
		"replaces": "Grunt",
		"unitType": "Melee Plant",
		"movement": 3,
		"strength": 8,
		"cost": 20,
		"attackSound": "nonmetalhit"
	},
	{
		"name": "Skeleton",
		"uniqueTo": "Zombies",
		"replaces": "Grunt",
		"unitType": "Melee Undead",
		"upgradesTo": "Shambling Zombie",
		"movement": 3,
		"strength": 8,
		"cost": 20,
		"attackSound": "nonmetalhit"
	},
	{
		"name": "Friendly Ghost",
		"uniqueTo": "Specters",
		"replaces": "Grunt",
		"unitType": "Floating Melee Undead",
		"movement": 3,
		"strength": 8,
		"cost": 20,
		"attackSound": "nonmetalhit"
	},
	{
		"name": "Ghoul",
		"uniqueTo": "Barbarians",
		"replaces": "Grunt",
		"unitType": "Melee Undead",
		"movement": 3,
		"strength": 8,
		"cost": 20,
		"attackSound": "nonmetalhit"
	},


	{
		"name": "Shambling Zombie",
		"unitType": "Melee Undead",
		"movement": 3,
		"strength": 10,
		"cost": 40,
		"upgradesTo": "Buckethead Zombie",
		"uniques": [
			"Only available <after adopting [Death]>"
		],
		"attackSound": "nonmetalhit"
	},
	{
		"name": "Buckethead Zombie",
		"unitType": "Melee Undead",
		"movement": 3,
		"strength": 12,
		"cost": 50,
		"uniques": [
			"Only available <after adopting [Death]>",
			"[+25]% Strength <when defending>"
		],
		"attackSound": "nonmetalhit"
	},

	{
		"name": "Hopping Zombie",
		"unitType": "Melee Undead",
		"movement": 4,
		"strength": 10,
		"cost": 50,
		"uniques": [
			"Only available <after adopting [Death]>",
			"May Paradrop up to [10] tiles from inside friendly territory"
		],
		"attackSound": "nonmetalhit"
	},

	{
		"name": "Pea Shooter",
		"unitType": "Ranged Plant",
		"movement": 3,
		"strength": 8,
		"rangedStrength": 10,
		"cost": 20,
		"uniques": [
			"Only available <after adopting [Life]>"
		],
		"attackSound": "shot"
	},
	{
		"name": "Pepper Spray",
		"unitType": "Ranged Plant",
		"movement": 3,
		"strength": 15,
		"rangedStrength": 20,
		"cost": 40,
		"uniques": [
			"Only available <after adopting [Life]>",
			"Never appears as a Barbarian unit"
		],
		"attackSound": "shot"
	},

	{
		"name": "Fossilized Mammoth",
		"unitType": "Heavy Undead",
		"movement": 4,
		"strength": 20,
		"cost": 40,
		"requiredTech": "Resurrection",
		"uniques": [
			"Only available <after adopting [Death]>"
		],
		"attackSound": "elephant"
	},
	{
		"name": "Zom-boni",
		"uniqueTo": "Zombies",
		"replaces": "Fossilized Mammoth",
		"unitType": "Heavy Undead",
		"movement": 4,
		"strength": 20,
		"cost": 40,
		"requiredTech": "Resurrection",
		"uniques": [
			"Only available <after adopting [Death]>",
			"Double movement in [Snow]",
			"Double movement in [Tundra]"
		],
		"attackSound": "elephant"
	},

	{
		"name": "Salad Tosser",
		"unitType": "Siege Plant",
		"movement": 3,
		"strength": 8,
		"rangedStrength": 10,
		"cost": 20,
		"upgradesTo": "Spud Gun",
		"uniques": [
			"Only available <after adopting [Life]>",
			"Never appears as a Barbarian unit"
		],
		"attackSound": "throw"
	},
	{
		"name": "Spud Gun",
		"unitType": "Siege Plant",
		"movement": 3,
		"strength": 10,
		"rangedStrength": 12,
		"cost": 20,
		"upgradesTo": "Corn Cob Cannon",
		"uniques": [
			"Only available <after adopting [Life]>",
			"Never appears as a Barbarian unit"
		],
		"attackSound": "throw"
	},
	{
		"name": "Corn Cob Cannon",
		"unitType": "Siege Plant",
		"movement": 3,
		"strength": 12,
		"rangedStrength": 15,
		"cost": 30,
		"upgradesTo": "Long-Range Celery",
		"uniques": [
			"Only available <after adopting [Life]>",
			"Never appears as a Barbarian unit"
		],
		"attackSound": "cannon"
	},
	{
		"name": "Long-Range Celery",
		"unitType": "Siege Plant",
		"movement": 3,
		"strength": 15,
		"rangedStrength": 20,
		"range": 3,
		"cost": 40,
		"uniques": [
			"Only available <after adopting [Life]>",
			"Never appears as a Barbarian unit"
		],
		"promotions": ["Over the Fence"],
		"attackSound": "artillery"
	},

	// hero units

	{
		"name": "Hero",
		"unitType":"Melee Plant",
		"upgradesTo": "Super Hero",
		"cost": 20,
		"strength": 30,
		"movement": 3,
		"uniques": [
			"Only available <when above [9] [Kills]>",
			"Instantly consumes [10] [Kills]",
			"Never appears as a Barbarian unit"
		],
		"attackSound": "nonmetalhit"
	},
	{
		"name": "Super Hero",
		"unitType": "Melee Plant",
		"requiredTech": "Putrefaction",
		"upgradesTo": "Ultra Hero",
		"obsoleteTech": "Fermentation",
		"cost": 40,
		"strength": 50,
		"movement": 3,
		"uniques": [
			"Unbuildable",
			"Never appears as a Barbarian unit"
		]
	},
	{
		"name": "Ultra Hero",
		"unitType": "Melee Plant",
		"requiredTech": "Fermentation",
		"upgradesTo": "Hyper Hero",
		"obsoleteTech": "Grass",
		"cost": 80,
		"strength": 60,
		"movement": 3,
		"uniques": [
			"Unbuildable",
			"Never appears as a Barbarian unit"
		]
	},
	{
		"name": "Hyper Hero",
		"unitType": "Melee Plant",
		"requiredTech": "Grass",
		"upgradesTo": "Grand Champion",
		"obsoleteTech": "The Red",
		"cost": 160,
		"strength": 70,
		"movement": 3,
		"uniques": [
			"Unbuildable",
			"Never appears as a Barbarian unit"
		]
	},
	{
		"name": "Grand Champion",
		"unitType": "Melee Plant",
		"requiredTech": "The Red",
		"cost": 200,
		"strength": 80,
		"movement": 3,
		"uniques": [
			"Unbuildable",
			"Never appears as a Barbarian unit"
		]
	},
	{
		"name": "Vampire Hero",
		"unitType":"Melee Undead",
		"uniqueTo": "Vampires",
		"replaces": "Hero",
		"upgradesTo": "Vampire Super Hero",
		"cost": 20,
		"strength": 30,
		"movement": 3,
		"uniques": [
			"Only available <when above [9] [Kills]>",
			"Instantly consumes [10] [Kills]"
		],
		"promotions": ["Into Shadow"],
		"attackSound": "nonmetalhit"
	},
	{
		"name": "Vampire Super Hero",
		"unitType": "Melee Undead",
		"requiredTech": "Putrefaction",
		"uniqueTo": "Vampires",
		"replaces": "Super Hero",
		"upgradesTo": "Vampire Ultra Hero",
		"obsoleteTech": "Fermentation",
		"cost": 40,
		"strength": 50,
		"movement": 3,
		"uniques": [
			"Unbuildable",
			"Free [Vampire Hero] appears <upon being defeated> <with [25]% chance>"
		],
		"promotions": ["Into Shadow"],
		"attackSound": "nonmetalhit"
	},
	{
		"name": "Vampire Ultra Hero",
		"unitType": "Melee Undead",
		"uniqueTo": "Vampires",
		"replaces": "Ultra Hero",
		"requiredTech": "Fermentation",
		"upgradesTo": "Vampire Hyper Hero",
		"obsoleteTech": "Grass",
		"cost": 80,
		"strength": 60,
		"movement": 3,
		"uniques": [
			"Unbuildable",
			"Free [Vampire Super Hero] appears <upon being defeated> <with [25]% chance>"
		],
		"promotions": ["Into Shadow"],
		"attackSound": "nonmetalhit"
	},
	{
		"name": "Vampire Hyper Hero",
		"unitType": "Melee Undead",
		"uniqueTo": "Vampires",
		"replaces": "Hyper Hero",
		"requiredTech": "Grass",
		"upgradesTo": "Vampire Grand Champion",
		"obsoleteTech": "The Red",
		"cost": 160,
		"strength": 70,
		"movement": 3,
		"uniques": [
			"Unbuildable",
			"Free [Vampire Ultra Hero] appears <upon being defeated> <with [25]% chance>"
		],
		"promotions": ["Into Shadow"],
		"attackSound": "nonmetalhit"
	},
	{
		"name": "Vampire Grand Champion",
		"unitType": "Melee Undead",
		"uniqueTo": "Vampires",
		"replaces": "Grand Champion",
		"requiredTech": "The Red",
		"cost": 200,
		"strength": 80,
		"movement": 3,
		"uniques": [
			"Unbuildable",
			"Free [Vampire Hyper Hero] appears <upon being defeated> <with [25]% chance>"
		],
		"promotions": ["Into Shadow"],
		"attackSound": "nonmetalhit"
	},

	{
		"name": "Zombie Grand Champion",
		"unitType": "Heavy Undead",
		"uniqueTo": "Zombies",
		"replaces": "Grand Champion",
		"requiredTech": "The Red",
		"cost": 200,
		"strength": 80,
		"movement": 3,
		"uniques": [
			"Unbuildable"
		],
		"attackSound": "nonmetalhit"
	},

	{
		"name": "Villain",
		"unitType": "Ranged Plant",
		"upgradesTo": "Super Villain",
		"cost": 20,
		"strength": 20,
		"rangedStrength": 20,
		"movement": 3,
		"uniques": [
			"Only available <when above [9] [Kills]>",
			"Instantly consumes [10] [Kills]",
			"Never appears as a Barbarian unit"
		],
		"attackSound": "throw"
	},
	{
		"name": "Super Villain",
		"unitType": "Ranged Plant",
		"requiredTech": "Leaves",
		"upgradesTo": "Ultra Villain",
		"obsoleteTech": "Seeds",
		"cost": 50,
		"strength": 40,
		"rangedStrength": 40,
		"movement": 3,
		"uniques": [
			"Unbuildable",
			"Never appears as a Barbarian unit"
		],
		"attackSound": "throw"
	},
	{
		"name": "Ultra Villain",
		"unitType": "Ranged Plant",
		"requiredTech": "Seeds",
		"obsoleteTech": "Decomposition",
		"upgradesTo": "Hyper Villain",
		"cost": 80,
		"strength": 50,
		"rangedStrength": 50,
		"movement": 3,
		"uniques": [
			"Unbuildable",
			"Never appears as a Barbarian unit"
		],
		"attackSound": "cannon"
	},
	{
		"name": "Hyper Villain",
		"unitType": "Ranged Plant",
		"requiredTech": "Decomposition",
		"upgradesTo": "Final Boss",
		"obsoleteTech":"The Red",
		"cost": 100,
		"strength": 70,
		"rangedStrength": 70,
		"movement": 3,
		"uniques": [
			"Unbuildable",
			"Never appears as a Barbarian unit"
		],
		"attackSound": "cannon"
	},
	{
		"name": "Final Boss",
		"unitType": "Ranged Plant",
		"requiredTech": "The Red",
		"cost": 200,
		"strength": 80,
		"rangedStrength": 80,
		"movement": 3,
		"range": 3,
		"uniques": [
			"Unbuildable",
			"Never appears as a Barbarian unit"
		],
		"attackSound": "cannon"
	},
	

	{
		"name": "Not-So-Great General",
		"unitType": "Civilian",
		"cost": 150,
		"movement": 3,
		"uniques": [
			"[+10]% Strength bonus for [Military] units within [1] tiles",
			"Uncapturable"
		]
	},
	{
		"name": "Discount",
		"uniqueTo": "Vampires",
		"replaces": "Not-So-Great General",
		"unitType": "Civilian",
		"cost": 150,
		"movement": 4,
		"uniques": [
			"[+10]% Strength bonus for [Military] units within [1] tiles",
			"Uncapturable",
			"Ignores terrain cost"
		]
	},
	{
		"name": "Sigma Wolf",
		"uniqueTo": "Werefolk",
		"replaces": "Not-So-Great General",
		"unitType": "Civilian",
		"cost": 150,
		"movement": 3,
		"uniques": [
			"[+10]% Strength bonus for [Military] units within [1] tiles",
			"Uncapturable",
			"All adjacent units heal [+10] HP when healing",
			"[+10] HP when healing"
		]
	},

	// bombs

	{
		"name": "Cherry Bomb",
		"unitType": "Bomb",
		"movement": 1,
		"strength": 60,
		"rangedStrength": 60,
		"range": 10,
		"cost": 600,
		"uniques": [
			"Only available <after adopting [Life]>",
			"[-100]% maintenance costs"
		],
		"requiredTech": "Dispersal",
		"attackSound": "missile"
	},
	{
		"name": "Tactical Cuke",
		"unitType": "Bomb",
		"movement": 1,
		"strength": 150,
		"rangedStrength": 150,
		"range": 10,
		"cost": 600,
		"requiredTech": "Resurrection",
		"uniques": [
			"Nuclear weapon of Strength [1]",
			"Self-destructs when attacking",
			"Blast radius [2]",
			"Limited to [5] per Civilization"
		],
		"attackSound": "nuke"
	},

	//  Great People
	{
		"name": "Great General",
		"unitType": "Civilian",
		"uniques": [
			"Empire enters a [8]-turn Golden Age <by consuming this unit>",
            "[+15]% Strength bonus for [Military] units within [2] tiles",
            "Can instantly construct a [Citadel] improvement <by consuming this unit>",
			"Great Person - [War]",
			"Can be earned through combat",
			"Unbuildable",
			"Uncapturable"
		],
		"movement": 3
	},
	{
		"name": "King Zombie",
		"unitType": "Civilian",
		"uniques": [
			"[+15]% Strength bonus for [Military] units within [2] tiles",
			"[-10]% Strength for enemy [Military] units in adjacent [All] tiles",
			"Great Person - [War]",
			"Can be earned through combat",
			"Unbuildable",
			"Uncapturable"
		],
		"movement": 3
	},
	{
		"name": "Necromancer",
		"uniqueTo": "Specters",
		"replaces": "Great General",
		"unitType": "Civilian",
		"uniques": [
			"Empire enters a [8]-turn Golden Age <by consuming this unit>",
            "[+15]% Strength bonus for [Military] units within [2] tiles",
            "Can instantly construct a [Citadel] improvement <by consuming this unit>",
			"Invisible to non-adjacent units <in [Rough terrain] tiles>",
			"Great Person - [War]",
			"Can be earned through combat",
			"Unbuildable",
			"Uncapturable",
			"Can pass through impassable tiles",
			"All tiles cost 1 movement",
			"Ignores Zone of Control",
			"Can see over obstacles",
			"May travel on Water tiles without embarking"
		],
		"movement": 3
	},
	{
		"name": "Count",
		"unitType": "Civilian",
		"uniqueTo": "Vampires",
		"replaces": "Great General",
		"uniques": [
			"Empire enters a [8]-turn Golden Age <by consuming this unit>",
			"[+15]% Strength bonus for [Military] units within [2] tiles",
			"Ignores terrain cost",
			"Invisible to non-adjacent units <in [Rough terrain] tiles>",
			"Can instantly construct a [Citadel] improvement <by consuming this unit>",
			"Free [Discount] appears <upon being defeated> <with [25]% chance>",
			"Great Person - [War]",
			"Can be earned through combat",
			"Unbuildable",
			"Uncapturable"
		],
		"movement": 5
	},
	{
		"name": "Alpha Wolf",
		"unitType": "Civilian",
		"uniqueTo": "Werefolk",
		"replaces": "Great General",
		"uniques": [
			"Empire enters a [8]-turn Golden Age <by consuming this unit>",
			"[+15]% Strength bonus for [Military] units within [2] tiles",
			"All adjacent units heal [+15] HP when healing",
			"[+15] HP when healing",
			"Unit will heal every turn, even if it performs an action",
			"Can instantly construct a [Citadel] improvement <by consuming this unit>",
			"Great Person - [War]",
			"Can be earned through combat",
			"Unbuildable",
			"Uncapturable"
		],
		"movement": 4
	}
]
